அ,டீ  (a)Tii (அ)டீ similar form for female,1, [ a ]
அகராதி,DikSanari டிக்ஷனரி dictionary,1, [ akarāti ]
அக்கா,akkaa அக்கா elder sister,1, [ akkā ]
அங்கே,[அங்கு]  anke அங்கெ there,1, [ angkē ]
அசை,"2./6. ace-/= அசெ move, move about, stir; move, shake (head);   agitate, shake, disturb (attached movement, usually one end attached and   one free)",1, [ acai ]
அஞ்சு,"3. bayappaTu (4) பயப்படு fear, be afraid",1, [ añcu ]
அடக்கு,"3. aTakku- அடக்கு put down, restrain, control, subordinate;   contain",1, [ aṭakku ]
அடங்கு,"3. aTanku- அடங்கு submit, obey; be subdued; be  contained; calm down (intr.)",1, [ aṭangku ]
அடாடா,அடடா  aTeeTee அடேடே <u>interjection expressing mild surprise</u>:  oh! [cf. (அ)டா],1, [ aṭāṭā ]
அடி,"6. (a)Tii= அடி strike, beat; blow (of wind), fall (of rain),  beat down (of sun); print (a book, etc.)",1, [ aṭi ]
அடி,"aTi அடி base, bottom; foot; step",1, [ aṭi ]
அடியில்,"aTiyle அடிய்லெ at the base of, at the foot of, underneath   (post. + dat./obl.)",1, [ aṭiyil ]
அடுத்த,aTutta அடுத்த next; (with time words) the one after the coming  one,1, [ aṭutta ]
அடுப்பு,"aTuppu அடுப்பு place for cooking fire, hearth, stove",2, [ aṭuppu ]
அடை,"2. 1. keTekkum. கெடெக்கும் 2. ceeru- சேரு  1. obtain, get 2. reach, approach",2, [ aṭai ]
அடை,"6. aTe= அடெ shut, close (door, window, top, etc.); lock",2, [ aṭai ]
அட்வான்ஸ்,முன்பணம்  aDvaansu அட்வான்ஸு advance (payment),2, [ aṭvāṉs ]
அணி,".  2. pooTu (pooTa, pooTTu) போடு (போட,   போட்டு) wear, put on (clothes, jewels); [adorn]",2, [ aṇi ]
அணில்,aNilu அணிலு squirrel,2, [ aṇil ]
அணை,"6. aNe= அணெ turn off, switch off (light)",2, [ aṇai ]
அண்ணன்,aNNan அண்ணன் elder brother,2, [ aṇṇaṉ ]
அண்ணி,aNNi அண்ணி elder brother's wife,2, [ aṇṇi ]
அதிக,rompa ரொம்ப very,2, [ atika ]
அதிகம்,"atikam, jaasti அதிகம், ஜாஸ்தி much, a lot (of);  excess",2, [ atikam ]
அதிகாரம்,"atikaaram அதிகாரம் authority, power; command, jurisprudence;   chapter (of book)",2, [ atikāram ]
அது,"atu அது it, that, that thing",2, [ atu ]
அத்தனை,"attane, avaLavu அத்தனெ, அவளவு that many; so   many, so much",2, [ attaṉai ]
அத்தான்,attaan அத்தான் elder sister's husband,2, [ attāṉ ]
அத்தை,"atte அத்தெ father's sister; mother-in-law (husband's mother),   older woman on father's side",2, [ attai ]
அந்த,"anta அந்த that, those (adj.)",2, [ anta ]
அபாயம்,apaayam அபாயம் danger,3, [ apāyam ]
அபிவிருத்தி,"முன்னேற்றம்  apivirutti அபிவிருத்தி development, progress",3, [ apivirutti ]
அப்படி,"appaTi அப்படி like that, in that manner, so",3, [ appaṭi ]
அப்பா,"appaa அப்பா father, <u>address to older male inferiors or of   endearment</u>",3, [ appā ]
அப்புறம்,"appram அப்பறம் 1. that side; farther, beyond 2. moreover;   <u>then, afterwards;</u> later 3. [on the far side of, beyond (post. +   dat.)] 4. <u>after</u> (post. + past pt.)",3, [ appuṟam ]
அப்போது,"அப்பொழுது  appa அப்ப then, at that time",3, [ appōtu ]
அமெரிக்க,amerikka அமெரிக்க American,3, [ amerikka ]
அமெரிக்கா,"amerikkaa அமெரிக்கா America, the United States",3, [ amerikkā ]
அமை,"2./6. ame-/= அமெ 2. become settled; be suitable, fit 6.   settle, adjust; construct, install",3, [ amai ]
அமைதி,"1. ameyti அமெய்தி 2. caantam சாந்தம்  1. peace, tranquility (political) 2. calmness (personal)",3, [ amaiti ]
அமைப்பு,"ameppu அமெப்பு structure, mechanism, con-  struction, establishment; organization, constitution, institution",3, [ amaippu ]
அம்மா,"[தாய்]  ammaa அம்மா mother; matron, lady, <u>form of address to older   woman or of endearment</u>",3, [ ammā ]
அம்மாடியோ,ammaaTiyoo அம்மாடியோ oh my gosh! (expression of mild   surprise),3, [ ammāṭiyō ]
அரசன்,raajaa ராஜா king,3, [ aracaṉ ]
அரசு,"carkkaaru சர்க்காரு government; royalty, kingdom",4, [ aracu ]
அரிசி,arici அரிசி uncooked (but husked) rice.,4, [ arici ]
அரு,"(ம்)  rare, dear",4, [ aru ]
அருமை,"arume அருமெ rareness; dearness, precious-  ness",4, [ arumai ]
அரை,"are அரெ half, 1/2 (fraction); waist",4, [ arai ]
அலமாரி,"alamaari அலமாரி ""almirah,"" a (wall) cabinet with  doors, cupboard; any shelf",4, [ alamāri ]
அலை,ale அலெ wave,4, [ alai ]
அல்லது,"illaaTTaa இல்லாட்டா or, <u>if not</u>",4, [ allatu ]
அவசரம்,"avacaram அவசரம் hurry, haste; emergency",4, [ avacaram ]
அவசியம்,"avaciyam அவசியம் necessity, urgency; certainty",4, [ avaciyam ]
அவர்,"avaru அவரு he (hon.), that person",4, [ avar ]
அவர்கள்,"avanka(L) அவங்கள் they, those people; she (hon.)",4, [ avarkaḷ ]
அவள்,ava(L) அவள் she,4, [ avaḷ ]
அவன்,avan அவன் he,4, [ avaṉ ]
அவி,"2./6. avi-/= அவி 2. be boiled, steamed 6. boil, steam, cook in   water",4, [ avi ]
அவை,"atunka(L), atu அதுங்கள், அது they, those things",4, [ avai ]
அவ்வளவு,"avaLavu அவளவு that much, so much",4, [ avvaḷavu ]
அழகு,aRaku அழகு beauty,5, [ aẕaku ]
அழு,"1. aRu (aRa, aRutu) அழு (அழ, அழுது)  weep, cry",5, [ aẕu ]
அழுக்கு,"aRukku அழுக்கு dirt, filth; dirty laundry",5, [ aẕukku ]
அழை,6. kuuppiTu (4.) கூப்பிடு invite; <u>call</u>,5, [ aẕai ]
அளவு,"aLavu அளவு amount, measure, limit, extent",5, [ aḷavu ]
அறி,2. 1. teriyum (imp. v.) தெரியும் 2. puriyum (imp. v.)   புரியும் 1. know 2. understand,5, [ aṟi ]
அறிவியல்,"vi&nntilde;aanam விஞ்ஞானம் science, field of knowledge",5, [ aṟiviyal ]
அறுபது,"(obl. அறுபத்து)  arupatu, aruvatu அறுபது, அறுவது (obl. arupatti,   etc., அறுபத்தி, etc.) sixty, 6",5, [ aṟupatu ]
அறை,"2. are-, aTi= அறெ, அடி spank, slap",5, [ aṟai ]
அறை,"ruum (obl. ruum) ரூம் (obl. ரூம்) room, chamber",5, [ aṟai ]
அனுபவம்,anupavam அனுபவம் experience; enjoyment,5, [ aṉupavam ]
அனுப்பு,3. anuppu- அனுப்பு send,5, [ aṉuppu ]
அன்பளிப்பு,anpaLippu அன்பளிப்பு gift,5, [ aṉpaḷippu ]
அன்பு,"ampu, paacam அம்பு, பாசம் love, affection,   kindness",5, [ aṉpu ]
அன்றைக்கு,[அன்று]  aNNekki அண்ணெக்கி that day,5, [ aṉṟaikku ]
ஆகாயம்,"aakaayam, aakaacam ஆகாயம், ஆகாசம் sky",6, [ ākāyam ]
ஆகு,"3. (ir.) aa(ku) [aaka, aay (i)] ஆ(கு)  [ஆக, ஆயி] be (so and so), become; happen, take   place; pass (of time)",6, [ āku ]
ஆக்கு,"3. aakku- ஆக்கு make, effect, create",6, [ ākku ]
ஆங்கிலம்,inkliiS இங்கலீஷ் English (n.),6, [ āngkilam ]
ஆசிரியர்,"aaciriyar, vaadyaar ஆசிரியர், வாத்தியார்   editor, author; teacher, lecturer",6, [ āciriyar ]
ஆசை,"iSTam, aace இஷ்டம், ஆசெ desire",6, [ ācai ]
ஆடு,"3. aaTu- ஆடு move (in a rhythmical manner), play, dance",6, [ āṭu ]
ஆடு,"aaTu ஆடு goat, sheep",6, [ āṭu ]
ஆட்சி,"aacci ஆச்சி rule, administration, govern-  ment; sovereignty",6, [ āṭci ]
ஆணி,aaNi ஆணி nail,7, [ āṇi ]
ஆண்,"aaNu ஆணு (a) male, manliness",7, [ āṇ ]
ஆதரவு,"aataravu ஆதரவு support, protection, patronage, emotional   support",7, [ ātaravu ]
ஆத்திரம்,aattiram ஆத்திரம் impatience; irritation,7, [ āttiram ]
ஆபத்து,aapattu ஆபத்து adversity,7, [ āpattu ]
ஆபீஸ்,"[அலுவலகம்]  aapiisu, aafiis ஆபீஸு, ஆபீஸ் office",7, [ āpīs ]
ஆமாம்,aamaa ஆமா yes,7, [ āmām ]
ஆமை,"aame ஆமெ turtle, tortoise",7, [ āmai ]
ஆயிரம்,"[obl. ஆயிரத்து]  aayiram ஆயிரம் [obl. aayiratti, ஆயிரத்தி]   thousand, 1,",7, [ āyiram ]
ஆயுதம்,"aayutam ஆயுதம் tool, instrument",7, [ āyutam ]
ஆரம்பம்,aarampam ஆரம்பம் beginning,7, [ ārampam ]
ஆராய்ச்சி,"aaraacci ஆராச்சி investigation, research",7, [ ārāycci ]
ஆள்,aaLu ஆளு person,7, [ āḷ ]
ஆறு,3. 1. taNi- 2-3- aaru- 1. தணி 2- 3. ஆறு 1. be  appeased 2. become cool 3. heal,8, [ āṟu ]
ஆறு,"[obl. ஆற்று]  1. aaru [obl. aattu] ஆறு [obl. ஆத்து] 2. paTi   படி 1. river; way, road (in general) 2. means, manner; `as,   going on' (post. + past pt.)",8, [ āṟu ]
ஆறு,[obl. ஆறு]  aaru ஆறு six,8, [ āṟu ]
ஆனாலும்,aanaalum ஆனாலும் however,8, [ āṉālum ]
ஆனால்,aanaa ஆனா but,8, [ āṉāl ]
ஆஸ்பத்திரி,aaspattri ஆஸ்பத்தரி hospital,6, [ āspattiri ]
இங்கே,[இங்கு]  inke இங்கெ here,8, [ ingkē ]
இடது,[இடம்]  eTatu எடது the left side (n.); left (adj.),8, [ iṭatu ]
இடம்,"eTam எடம் 1. place, room [2. left side]",8, [ iṭam ]
இடி,"6. iTi= இடி hit forcefully, smash, pound; thunder",8, [ iṭi ]
இடி,"iTi இடி (n.) thunder; blow, stroke",8, [ iṭi ]
இடுப்பு,"iTuppu இடுப்பு hip, loin",8, [ iṭuppu ]
இடை,"naTu, matti நடு, மத்தி mid-portion (as opposed to the  ends), middle; waist, mid-trunk; interval",8, [ iṭai ]
இட்லி,"iDLi இட்ளி idli, a steamed rice cake",9, [ iṭli ]
இது,"itu இது it, this (thing)",9, [ itu ]
இதோ,itoo இதோ (look) here!,9, [ itō ]
இத்தனை,"ittane இத்தனெ this, many; all these; <u>this much</u>",9, [ ittaṉai ]
இந்த,"inta இந்த this, these (adj.)",9, [ inta ]
இந்திய,intya இந்திய Indian (adj.),9, [ intiya ]
இந்தியா,intyaa இந்தயா India,9, [ intiyā ]
இந்து,intu இந்து Hindu,9, [ intu ]
இப்படி,"ippaTi இப்படி thus, in this way",9, [ ippaṭi ]
இப்போது,இப்பொழுது  ippa இப்ப now,9, [ ippōtu ]
இயக்கம்,eyakkam எயக்கம் movement; campaign,9, [ iyakkam ]
இயந்திரம்,"[கருவி]  entram, miSinu எந்தரம், மிஷீனு machine, engine",9, [ iyantiram ]
இயல்,"-- nature; literary Tamil (prose and poetry, not drama); -ology: <u>the   formative for all sciences and fields of study</u>",9, [ iyal ]
இயற்கை,"eyarke எயற்கெ nature, disposition",9, [ iyaṟkai ]
இரக்கம்,"erakkam எரக்கம் mercy, pity, sympathy",9, [ irakkam ]
இரண்டு,reNTu ரெண்டு two,9, [ iraṇṭu ]
இரவு,raattri ராத்தரி night,10, [ iravu ]
இரு,"7. iru (irukka, iruntu) இரு (இருக்க,   இருந்து) be; stay, wait, remain",10, [ iru ]
இருக்கும்,[உண்டு]  irukku இருக்கு (positive of the above),25, [ irukkum ]
இருதயம்,etayam எதயம் heart (the organ),10, [ irutayam ]
இருபது,"[obl. இருபத்து]  irupatu, iruvatu இருபது, இருவது [obl. irupatti,   etc. இருபத்தி, etc.] twenty, 2",10, [ irupatu ]
இருமல்,irumal இருமல் cough,10, [ irumal ]
இரும்பு,irumpu இரும்பு iron,10, [ irumpu ]
இர்,"-, இல்-  <u>For entries beginning with a prothetic இ-, see also   ர்- and ல் - in the glossary.</u>",9, [ ir ]
இலக்கியம்,elakkyam எலக்கயம் literature,10, [ ilakkiyam ]
இலங்கை,"lankaa, siloon லங்கா, ஸிலோன் Sri Lanka, Ceylon",10, [ ilangkai ]
இலை,ele எலெ leaf; banana leaf plate,10, [ ilai ]
இல்லை,"1. ille இல்லெ 2-3. ille, -(1)le  இல்லெ, (-ல்)லெ 1. no (int.) 2. not   (neg. v.) 3. isn't it? (with rising intonation); you know! (with  falling intonation) <u>tag marker</u>",10, [ illai ]
இவர்,"ivaru இவரு he, this person (hon.)",10, [ ivar ]
இவர்கள்,"ivanka(L) இவங்கள் they, these people; she (hon.)",10, [ ivarkaḷ ]
இவள்,iva(L) இவள் she (this),10, [ ivaḷ ]
இவன்,ivan இவன் he (this),10, [ ivaṉ ]
இவை,"itu, itunka(L) இது, இதுங்கள் they, these things",11, [ ivai ]
இவ்வளவு,ivaLavu இவளவு this much; <u>this many</u>,11, [ ivvaḷavu ]
இழு,"6. iRu= இழு pull, drag; inhale; stretch",11, [ iẕu ]
இளமை,"eLame எளமெ youth, tenderness, immaturity",11, [ iḷamai ]
இளம்,"eLam எளம் pale, light (of color)",11, [ iḷam ]
இற,"7. era (erakka, erantu) die எற (எறக்க,   எறந்து) cettuppoo- செத்துப்போ",11, [ iṟa ]
இறங்கு,"3. eranku- எறங்கு descend, get down; get out of (a vehicle);  participate (in a competition), be a candidate (in an election)",11, [ iṟangku ]
இறைச்சி,"kari கறி flesh, meat",11, [ iṟaicci ]
இனம்,"enam எனம் sort, class, kind",11, [ iṉam ]
இனி,6. ini= இனி be sweet,11, [ iṉi ]
இனி,"inime இனிமெ from now on, henceforth, hereafter",11, [ iṉi ]
இன்பம்,"cantooSam சந்தோஷம் happiness, joy, delight",11, [ iṉpam ]
இன்றைக்கு,[இன்று]  iNNekki இண்ணெக்கி today,11, [ iṉṟaikku ]
இன்னும்,"innum இன்னும் still, yet; furthermore; more",11, [ iṉṉum ]
இன்னொரு,innoru இன்னொரு another (of the same type) adj.,11, [ iṉṉoru ]
ஈ,ii ஈ fly,12, [ ī ]
உச்சி,"ucci உச்சி top, uppermost point, crown  (of head); zenith, noon",12, [ ucci ]
உடல்,[உடம்பு]  oTampu ஒடம்பு body,12, [ uṭal ]
உடனே,"oTane ஒடனே 1. at once, immediately 2. as soon as, right after   (post. + past pt.)",12, [ uṭaṉē ]
உட்கார்,"2. ukkaaru- உக்காரு sit (verb of motion, not situation)",12, [ uṭkār ]
உணர்,"2. oNaru- puriyum (imp.) ஒணரு, புரியும் feel,   realize, recognize",12, [ uṇar ]
உண்மை,"nejam நெஜம் truth, fact",12, [ uṇmai ]
உதடு,otaTu ஒதடு lip,12, [ utaṭu ]
உதவி,"otavi ஒதவி help, assistance",12, [ utavi ]
உபயோகி,"6. opayooki=, payampattu- ஒபயோகி,   பயன்படுத்து use",12, [ upayōki ]
உப்பு,uppu உப்பு salt,12, [ uppu ]
உயர்ந்த,ocanta ஒசந்த high,13, [ uyarnta ]
உயிர்,uyiru உயிரு life; a vowel,13, [ uyir ]
உரிமை,"urime உரிமெ (inherent) right, claim, privilege; peculiarity",13, [ urimai ]
உருவம்,"ruupam ரூபம் shape, image; reflection (in mirror); idol",13, [ uruvam ]
உலகம்,"ulakam உலகம் world, earth",13, [ ulakam ]
உலோகம்,ulookam உலோகம் metal,13, [ ulōkam ]
உள்ளே,"உள்  uLLe உள்ளெ 1. interior, inside (n.) 2. inside (of), within   (space) [post. + dat.] 3. by, within (time) [post. + dat.] 4. among [post.  + obl. or dat. pl.]",13, [ uḷḷē ]
உறுதி,"1. valu 2. kaTTaayam 1. வலு 2. கட்டாயம் 1.   firmness, hardness, strength 2. assurance, definiteness, certainty",13, [ uṟuti ]
உற்பத்தி,"urpatti உற்பத்தி (industrial or agricultural) production;   development, evolution",13, [ uṟpatti ]
ஊசி,uuci ஊசி needle; innoculation (shot),13, [ ūci ]
ஊர்,"uuru ஊரு native place, hometown (village, town, community,   place); any place not this place",14, [ ūr ]
ஊற்று,"3. uutu- ஊத்து pour, flow down",14, [ ūṟṟu ]
எங்கும்,"enkum எங்கும் everywhere, anywhere; (+ neg.) nowhere",14, [ engkum ]
எங்கே,[எங்கு]  enke எங்கெ where,14, [ engkē ]
எங்கேயாவது,enkeyaavatu எங்கெயாவது anywhere,14, [ engkēyāvatu ]
எங்கேயோ,enkeyoo எங்கெயோ somewhere,14, [ engkēyō ]
எசமான்,"ecamaan எசமான் master, boss, lord",14, [ ecamāṉ ]
எடு,"6. eTu= எடு take, remove, pick up; take (a class)",14, [ eṭu ]
எட்டு,"3. eTTu- எட்டு reach, reach for (with hand, etc.)",14, [ eṭṭu ]
எட்டு,eTTu எட்டு eight,14, [ eṭṭu ]
எண்ணு,"3. eNNu- 2. nene= எண்ணு நெனெ 1. count, number 2.   think, ponder",14, [ eṇṇu ]
எண்ணை,eNNe எண்ணெ oil,14, [ eṇṇai ]
எண்பது,"[obl. எண்பத்து]  empatu [obl. empatti] எம்பது [obl. எம்பத்தி]  eighty, 8",14, [ eṇpatu ]
எதாவது,etaavatu எதாவது something,14, [ etāvatu ]
எதிரே,"எதிர்  etire எதிரெ 1. before, in front of; opposite (post. + dat.) 2.   that which is opposite, in front; futurity",14, [ etirē ]
எதிர்பார்,"6. eturpaaru= எதுர்பாரு expect, wait for",15, [ etirpār ]
எது,[ஏது]  etu எது which one (n.),15, [ etu ]
எதுவும்,[ஏதும்]  etuvum எதுவும் anything,15, [ etuvum ]
எத்தனை,ettane எத்தனெ how many,15, [ ettaṉai ]
எத்தனையோ,ettaneyoo எத்தனெயோ so many,15, [ ettaṉaiyō ]
எந்த,enta எந்த which (adj.),15, [ enta ]
எப்படி,"eppaTi எப்படி how, in what manner",15, [ eppaṭi ]
எப்படியாவது,eppaTiyaavatu எப்படியாவது somehow (or other); by any means,15, [ eppaṭiyāvatu ]
எப்படியோ,eppaTiyoo எப்படியோ somehow,15, [ eppaṭiyō ]
எப்போதாவது,"eppavaavatu எப்பவாவது sometimes, at any time",15, [ eppōtāvatu ]
எப்போது,எப்பொழுது  eppa எப்ப when,15, [ eppōtu ]
எப்போதும்,எப்பொழுதும்  eppavum எப்பவும் always; (+ neg.) never,15, [ eppōtum ]
எப்போதோ,"eppavoo எப்பவோ sometimes, occasionally, once in a while",15, [ eppōtō ]
எரி,"2. 1. eri- எரி 2. ericcalpaTu எரிச்சல்படு 1.   glow, burn 2. scorn, be angry",15, [ eri ]
எலி,"eli எலி rat, mouse",15, [ eli ]
எலுமிச்சம்,"elumiccam- எலுமிச்சம் lime (fruit), lemon (used mostly in   cpds.]",15, [ elumiccam ]
எலும்பு,elumpu எலும்பு bone,15, [ elumpu ]
எல்லா,"ellaa எல்லா all, all kinds of, all sorts of (adj.)",16, [ ellā ]
எல்லாம்,"ellaam எல்லாம் 1. all things, everything (n.) 2. the whole,   entire (post.)",16, [ ellām ]
எல்லோரும்,"ellaarum எல்லாரும் all (people), everybody",16, [ ellōrum ]
எவ்வளவு,"evaLavu எவளவு how much, however much; <u>how many</u>",16, [ evvaḷavu ]
எவ்வளவோ,"evaLavoo எவளவோ so much, a lot",16, [ evvaḷavō ]
எழு,"2. eRuntiru (7.) எழுந்திரு get up; awake, emerge",16, [ eẕu ]
எழுது,3. eRutu- எழுது write; take (an examination),16, [ eẕutu ]
எழுபது,"[எழுபத்தி]  eRupatu, eRuvatu எழுபது, எழுவது [obl. eRupatti,  etc. எழுபத்தி, etc.] seventy, 7",16, [ eẕupatu ]
எளிது,"colapam, callicu சொலபம், சல்லிசு an easy   matter",16, [ eḷitu ]
எறி,"2. eri- எறி throw, throw at (something), hurl, toss",16, [ eṟi ]
எறும்பு,erumpu எறும்பு ant,16, [ eṟumpu ]
என,-- [equivalent of என்று in high literary Tamil],17, [ eṉa ]
எனவே,[ஆகவே]  atunaale அதுனாலெ therefore,16, [ eṉavē ]
என்,"5. in(nu) [ir. def.] இன்னு say, tell, <u>quotative</u>",16, [ eṉ ]
என்பது,-nkratu -ங்கறது that which is said (pt. n.),17, [ eṉpatu ]
என்ற,"a. -NNa, -nna -ண்ண, -ன்ன b. -nkra  -ங்கற a. said above (pt.) b. called (pt.)",17, [ eṉṟa ]
என்றாலும்,"-NNaalum, -nnaalum -ன்னாலும், -ண்ணாலும் even then,   nevertheless (attached to preceding sentences)",16, [ eṉṟālum ]
என்றால்,"-NNaa, -nnaa -ண்ணு, -ன்னா 1. if, if said so 2.   conditional of என் (quotative)",16, [ eṉṟāl ]
என்று,"-NNu, -nnu -ண்ணு, -ன்னு 1. cvb. of என்  (quotative) 2. <u>quotative, quotation marker,  onomatopoetic marker:</u> `so saying', `that' (normally untranslated)",17, [ eṉṟu ]
என்ன,enna என்ன what,17, [ eṉṉa ]
ஏதோ,"etuvoo எதுவோ something, some unnamed; some- what",17, [ ētō ]
ஏழு,eeRu ஏழு seven,17, [ ēẕu ]
ஏழை,eeRe ஏழெ poor person (in wealth),17, [ ēẕai ]
ஏழ்மை,eeRame எழமெ poverty,17, [ ēẕmai ]
ஏறு,"3. eeru-ஏறு ascend, climb up; enter (vehicle, etc.); increase",17, [ ēṟu ]
ஏற்கனவே,"eerkanavee, munnaaleeyee ஏற்கனவே, முன்னாலேயே   already, in good time, before",18, [ ēṟkaṉavē ]
ஏற்படு,"6. uNTaaku- உண்டாகு begin to exist, be established; develop,   evolve",18, [ ēṟpaṭu ]
ஏற்பாடு,"1. tayaar தயார் 2. eerpaaTu ஏற்பாடு 1.  arrangement, preparation 2. arrangement done according to established   custom",18, [ ēṟpāṭu ]
ஏற்ற,"eetta ஏத்த proper, suitable, appropriate",35, [ ēṟṟa ]
ஏற்று,"3. eettu- ஏத்து raise, lift up (from below); pump (water   overhead)",18, [ ēṟṟu ]
ஏன்,"een ஏன் why, for what (reason)",18, [ ēṉ ]
ஐந்து,ancu அஞ்சு five,18, [ aintu ]
ஐம்பது,"[obl. ஐம்பத்து]  ampatu அம்பது [obl. ampatti அம்பத்தி] fifty, 5",18, [ aimpatu ]
ஐயா,"ayyaa அய்யா 1. <u>interjection</u>/<u>address form to older   male equal</u> (polite): sir 2. master, boss (n.)",18, [ aiyā ]
ஐயோ,"ஐயையோ  ayyoo அய்யோ <u>interjection expressing sorrow, distress or   sympathy</u>",18, [ aiyō ]
ஒரு,"oru ஒரு one; a, an (num. adj.)",18, [ oru ]
ஒருத்தி,orutti ஒருத்தி one woman,19, [ orutti ]
ஒருவன்,oruttan ஒருத்தன் one man,19, [ oruvaṉ ]
ஒருவேளை,oruveeLe ஒருவேளை perhaps; (just) once,68, [ oruvēḷai ]
ஒலி,"cattam சத்தம் sound, noise",18, [ oli ]
ஒவ்வொரு,"ovvoru ஒவ்வொரு each, one by one (some, every)",18, [ ovvoru ]
ஒழிய,oRiya ஒழிய 1. unless (emphatic) [post. + conditional] [2. inf.   of ஒழி `cease'],19, [ oẕiya ]
ஒழுங்காக,"oRunkaa ஒழுங்கா orderly, efficiently, neatly, regularly",19, [ oẕungkāka ]
ஒளி,veLiccam வெளிச்சம் light,19, [ oḷi ]
ஒன்பது,ompatu ஒம்பது nine,19, [ oṉpatu ]
ஒன்று,"oNNu ஒண்ணு one, one thing (n.)",19, [ oṉṟu ]
ஒன்றும்,oNNum ஒண்ணும் (+ neg.) nothing,19, [ oṉṟum ]
ஓகோ,ookoo ஓகோ <u>interjection expressing surprise or joy</u>,19, [ ōkō ]
ஓடு,3. ooTu- ஓடு run,19, [ ōṭu ]
ஓட்டல்,"ooTTal(u) ஓட்டலு hotel, restaurant",19, [ ōṭṭal ]
ஓய்,"2. ooy (ooya, ooncu) ஓய் (ஓய, ஓஞ்சு)  desist, cease; become tired",19, [ ōy ]
கக்கூஸ்,kakkuusu கக்கூஸு latrine,20, [ kakkūs ]
கட,"7. kaTa (kaTakka, kaTantu) கட (கடக்க,   கடந்து) pass, cross, go beyond",20, [ kaṭa ]
கடமை,"kaTame கடமெ duty, obligation",20, [ kaṭamai ]
கடலை,"kaTale கடலெ peanut, ""ground nut""",20, [ kaṭalai ]
கடல்,"kaTalu கடலு sea, ocean",20, [ kaṭal ]
கடன்,kaTan கடன் loan,20, [ kaṭaṉ ]
கடி,6. கடி kaTi= கடி bite; chew,20, [ kaṭi ]
கடிதம்,"kaTitam, leTTaru கடிதம், லெட்டரு letter,   missive",20, [ kaṭitam ]
கடுமை,"kaTume கடுமெ harshness, sternness, severity",20, [ kaṭumai ]
கடை,"kaTe கடெ shop, store",20, [ kaṭai ]
கடைசி,"kaTeyci கடெய்சி end; last, final",20, [ kaṭaici ]
கட்சி,"kacci கச்சி party (political), faction",20, [ kaṭci ]
கட்டடம்,kaTTaTam கட்டடம் (a) building; construction,20, [ kaṭṭaṭam ]
கட்டணம்,"kaTTaNam கட்டணம் fare, fee, charges",20, [ kaṭṭaṇam ]
கட்டாயமாக,"kaTTaayamaa கட்டாயமா definitely, certainly",21, [ kaṭṭāyamāka ]
கட்டாயம்,"kaTTaayam கட்டாயம் compulsion, certainty, necessity",21, [ kaṭṭāyam ]
கட்டி,"kaTTi கட்டி lump, clump, mass",21, [ kaṭṭi ]
கட்டில்,"kaTTilu கட்டிலு bedstead, cot",21, [ kaṭṭil ]
கட்டு,"3. kaTTu- கட்டு bind, tie, fasten; build",21, [ kaṭṭu ]
கணக்கு,kaNakku கணக்கு (numerical) computation; (financial) accounts,21, [ kaṇakku ]
கணவன்,viiTTukkaararu வீட்டுக்காரரு husband; <u>(householder)   landlord</u>,21, [ kaṇavaṉ ]
கண்,kaNNu கண்ணு eye; any small aperture (as of a net or mesh),21, [ kaṇ ]
கண்ணாடி,kaNNaaTi கண்ணாடி glass (the material); mirror; eyeglasses,21, [ kaṇṇāṭi ]
கதவு,"katavu கதவு door, shutter",21, [ katavu ]
கதை,kate கதெ story,21, [ katai ]
கத்தி,katti கத்தி knife,21, [ katti ]
கத்திரி,kattiri கத்திரி scissors,21, [ kattiri ]
கப்பல்,kappalu கப்பலு ship,21, [ kappal ]
கம்பி,"kampi கம்பி vayru (electric only) வய்ரு wire,  metallic thread; metal rod",21, [ kampi ]
கயிறு,"kay(i)ru கயிறு rope, cord, line, string",21, [ kayiṟu ]
கரண்டி,"karaNTi கரண்டி spoon, ladle",21, [ karaṇṭi ]
கருது,"3. nene= நெனெ think, consider, have opinion",22, [ karutu ]
கருத்து,1. apipraayam அபிப்ராயம் 2-3. neneppu நெனெப்பு   1. opinion 2. idea 3. thought,22, [ karuttu ]
கருமை,karume கருமெ darkness,22, [ karumai ]
கரும்,"karum கரும் dark, dark (of colors)",22, [ karum ]
கரும்பலகை,boorTu போர்டு blackboard,22, [ karumpalakai ]
கரை,"kare கரெ bank, shore; border, boundary",22, [ karai ]
கல,"7. kala (kalakka, kalantu) கல (கலக்க,   கலந்து) mix, mingle",22, [ kala ]
கலர்,[நிறம்]  kalar கலர் color,22, [ kalar ]
கலை,kale கலெ art,22, [ kalai ]
கல்,"kallu கல்லு stone, rock, gemstone",22, [ kal ]
கல்யாணம்,[திருமணம்]  kalyaaNam கல்யாணம் marriage,22, [ kalyāṇam ]
கல்லூரி,kaaleej(u) காலேஜு college,22, [ kallūri ]
கல்வி,"paTippu படிப்பு learning, study, education",22, [ kalvi ]
கவலை,"kavale கவலெ care, concern, worry",22, [ kavalai ]
கவனம்,"gavanam கவனம் attention, care, heed, consideration",22, [ kavaṉam ]
கவனி,"6. gavani= கவனி notice, take care, take into account; observe,   watch, pay attention",22, [ kavaṉi ]
கவிதை,"kavite கவிதெ poetry, poem",22, [ kavitai ]
கழகம்,"kaRakam கழகம் association, corporation, corporate body,   party, (fan) club",23, [ kaẕakam ]
கழற்று,"3. kaRattu- கழத்து take off, remove",23, [ kaẕaṟṟu ]
கழி,"6. kaRi= கழி reject; subtract, deduct; [spend (time)]",23, [ kaẕi ]
கழுதை,kaRute கழுதெ donkey,23, [ kaẕutai ]
கழுத்து,kaRuttu கழுத்து neck,23, [ kaẕuttu ]
கழுவு,3. kaRuvu- கழுவு wash (except laundry); rinse,23, [ kaẕuvu ]
கறி,"kari கறி any dish served with rice, a curry; any meat dish,   meat",23, [ kaṟi ]
கறுப்பு,"karuppu கறுப்பு black, blackness",23, [ kaṟuppu ]
கற்பனை,"karpane கற்பனெ imagination, inventiveness",23, [ kaṟpaṉai ]
கனவு,kanavu கனவு dream,23, [ kaṉavu ]
கன்று,"kannu, (kaNTu) கன்னு, (கண்டு) calf; sapling",23, [ kaṉṟu ]
கஷ்டம்,"kaSTam கஷ்டம் difficulty, trouble",20, [ kaṣṭam ]
காக்கை,kaakkaa(y) காக்காய் crow,23, [ kākkai ]
காடு,"kaaTu காடு <u>land not regularly inhabited by people:</u>   forest, jungle, desert",23, [ kāṭu ]
காட்சி,"kaacci காச்சி sight, vision; appearance; scene",23, [ kāṭci ]
காட்டு,"3. kaaTTu- காட்டு show, point out",23, [ kāṭṭu ]
காண்,"ir. v. (காண, கண்டு)  1. paaru= பாரு 2. kaNTupiTi= கண்டுபிடி 1. see  (unexpectedly); [see] 2. find out",23, [ kāṇ ]
காதல்,-- love,24, [ kātal ]
காது,"kaatu காது ear; eye of a needle; ear (of a jug, etc.), handle",24, [ kātu ]
காப்பாற்று,3. kaappaattu- காப்பாத்து save; protect,24, [ kāppāṟṟu ]
காப்பி,kaa(p)pi காபி coffee,24, [ kāppi ]
காய்,"2. kaayi- காயி <u>grow dry,</u> dry out, wither, be hungry (of   stomach); be hot, heated (of liquids)",24, [ kāy ]
காய்,kaayi காயி unripe fruit (botanical); vegetables,24, [ kāy ]
காய்கறி,kaaykari காய்கறி vegetable (used for cooking),24, [ kāykaṟi ]
காய்ச்சல்,"joram. kaaccaru ஜொரம், காச்சறு fever",24, [ kāyccal ]
காரணம்,"kaaraNam காரணம் cause, reason",24, [ kāraṇam ]
காரியதரிசி,kaaryatarici கார்யதரிசி secretary,24, [ kāriyatarici ]
காரியம்,"kaariyam காரியம் thing, matter, affair; effect",24, [ kāriyam ]
கார்,"kaaru காரு car, automobile; <u>bus</u>",24, [ kār ]
காலம்,"kaalam காலம் time, season, <u>a period of time normally   longer than a day</u>",24, [ kālam ]
காலை,"kaale காலெ morning, A. M.",24, [ kālai ]
கால்,"kaa(l) கால் leg, foot; quarter (fraction), 1/4",25, [ kāl ]
காவல்,"1. kaavalu 2. pooliisu 1. காவலு 2. போலீஸு 1.   protection, watch 2. the guard, police",25, [ kāval ]
காற்று,"kaattu காத்து breeze, wind; air, atmosphere",25, [ kāṟṟu ]
கிட,"7. keTa (keTakka, keTantu) கெட (கெடக்க,   கெடந்து) lie, remain, exist (disorderly, in a mess)",25, [ kiṭa ]
கிடைக்காது,keTekkaatu கெடெக்காது will not get,25, [ kiṭaikkātu ]
கிடைக்கும்,"imp. v. + dat. keTekkum கெடெக்கும் will get, obtain",25, [ kiṭaikkum ]
கிடையாது,"imp. v. + dat.  keTeyaatu கெடெயாது does not have, is not available; does not   happen (neg. only)",25, [ kiṭaiyātu ]
கிட்டத்தட்ட,"kiTTattaTTa கிட்டத்தட்ட approximately, nearly, about",25, [ kiṭṭattaṭṭa ]
கிணறு,"keNaru கெணறு well (for water, etc.)",25, [ kiṇaṟu ]
கிராமம்,graamam கராமம் village,25, [ kirāmam ]
கிலோ,kiloo கிலோ kilogram,26, [ kilō ]
கிழக்கு,keRakku கெழக்கு east,25, [ kiẕakku ]
கிழக்கே,keRakke கெழக்கெ to/in the east,25, [ kiẕakkē ]
கிழங்கு,"keRanku கெழங்கு tuber, potato, edible root",25, [ kiẕangku ]
கிழமை,keRame கெழமெ day of the week,25, [ kiẕamai ]
கிழவன்,keRavan கெழவன் old man,25, [ kiẕavaṉ ]
கிளம்பு,"3. keLampu-, porappaTu= கெளம்பு, பொறப்படு   start, begin (of a machine, etc.); rise, emerge",26, [ kiḷampu ]
கீழே,"கீழ்  kiiRe கீழெ 1. a place below, down; bottom; the east (cf.   கிழக்கு) 2. below, under (touching*) [post. + obl.] 3. below,   under (not touching*) [post. + dat.] *<u>contrast not kept, in all   dialects</u>",26, [ kīẕē ]
கீழ்,"-- east, eastern",25, [ kīẕ ]
குச்சி,"kucci குச்சி peg, short stake, splinter, twig, stick (small,   short)",26, [ kucci ]
குடம்,"koTam கொடம் pot, any rounded vessel",26, [ kuṭam ]
குடி,6. kuTi= குடி drink,26, [ kuṭi ]
குடும்பம்,kuTumpam குடும்பம் family,26, [ kuṭumpam ]
குடை,koTe கொடெ umbrella,26, [ kuṭai ]
குட்டி,kuTTi குட்டி young of most animals; small girl,26, [ kuṭṭi ]
குணம்,"goNam கொணம் quality, character; healthfulness",26, [ kuṇam ]
குதி,"6. kuti= குதி hop, leap, jump, gallop, skip",26, [ kuti ]
குதிரை,kutire குதிரெ horse,26, [ kutirai ]
கும்பிடு,"4. kumpiTu கும்பிடு worship, reverence",26, [ kumpiṭu ]
குரங்கு,"koranku கொரங்கு monkey, ape",26, [ kurangku ]
குரல்,koralu கொரலு voice,27, [ kural ]
குழந்தை,"koRante கொழந்தெ baby, child, infant",27, [ kuẕantai ]
குளம்,"koLam கொளம் tank, pond, pool",27, [ kuḷam ]
குளி,6. kuLi= குளி bathe (wash oneself including head),27, [ kuḷi ]
குளிர்,"2. kuLiru- குளிரு be cool, be cold",27, [ kuḷir ]
குறி,"6. kuri= குறி mark, indicate, denote, point to",27, [ kuṟi ]
குறி,"kuri குறி sign, mark",27, [ kuṟi ]
குறிப்பிடு,"4. kurippiTu (-piTa, -piTTu) குறிப்பிடு (-பிட,   -பிட்டு) specify, point to; mention, refer to; remark",27, [ kuṟippiṭu ]
குறை,"2./6. kore-/= கொறெ 2. be lacking, short, cut off 6. reduce,   shorten, cut off",27, [ kuṟai ]
குறை,"kore கொறெ flaw, lack",27, [ kuṟai ]
குற்றம்,"kuttam குத்தம் sin of commission: fault; guilt, crime",27, [ kuṟṟam ]
கூட,"1-3. kuuTa கூட 1-2. kuuTe கூடெ 1. even; also, too   (clitic) 2. `along with' (post. + obl.) 3. inf. of குடு `join'",27, [ kūṭa ]
கூடம்,"kuuTam கூடம் hall, large room or building",27, [ kūṭam ]
கூடு,"3. 1. ceeru- 2. kuuTu- 1. சேரு 2. கூடு 1. join, unite   (intr.) 2. gather, assemble; be possible",27, [ kūṭu ]
கூடை,kuuTe கூடெ basket,27, [ kūṭai ]
கூட்டம்,"kuuTTam கூட்டம் crowd, group; meeting; tribe",27, [ kūṭṭam ]
கூட்டு,"3. kuuTTu- கூட்டு add, bring together; <u>sweep</u>",27, [ kūṭṭu ]
கூப்பிடு,"4. kuuppiTu (-piTa, -piTTu) கூப்பிடு (-பிட,   -பிட்டு) call, shout",28, [ kūppiṭu ]
கூலி,kuuli கூலி (day work) wages; coolie,28, [ kūli ]
கூறு,"3. collu (ir.) சொல்லு say, tell (officially); proclaim",28, [ kūṟu ]
கூறை,"kuure கூறெ roof, ceiling",28, [ kūṟai ]
கெட்ட,keTTa கெட்ட bad; spoiled,28, [ keṭṭa ]
கேடு,"keeTu கேடு misfortune, ruin, harm",28, [ kēṭu ]
கேலி,geeli கேலி joke,28, [ kēli ]
கேள்,"5. keeLu (keekka, keeTTu) கேளு (கேக்க,   கேட்டு) hear, listen, obey; ask, inquire",28, [ kēḷ ]
கை,"kayyi கய்யி hand, arm, handful; trunk (of elephant); sleeve",28, [ kai ]
கொசு,kocu கொசு mosquito,28, [ kocu ]
கொஞ்சம்,"[சற்று]  koncam கொஞ்சம் a little, some (n.)",28, [ koñcam ]
கொடி,"koTi கொடி flag, banner; creeper, vine",28, [ koṭi ]
கொடிய,"pollaata பொல்லாத harmful, cruel",28, [ koṭiya ]
கொடு,"6. kuTu= குடு give, give away",28, [ koṭu ]
கொண்டு,"koNTu கொண்டு 1. with, by means of (post. + acc.) 2. cvb. of   கொள் with numerous usages (see கொள்)",28, [ koṇṭu ]
கொண்டுபோ,"3ir. koNTupoo (-pooka, -pooyi) கொண்டுபோ (-போக,   -போயி) take away, take along",28, [ koṇṭupō ]
கொண்டுவா,"ir. koNTaa (-Taara, -Taantu) கொண்டா (-டார,   -டாந்து) bring",28, [ koṇṭuvā ]
கொம்பு,kompu கொம்பு horn; branch (of plant),29, [ kompu ]
கொல்,"1. kollu (kolla, konnu) கொல்லு (கொல்ல,   கொன்னு) kill",29, [ kol ]
கொள்,"1. -(k)koo -(க்)கோ (-kka, -(k)kiTTu)   -க்க, -(க்)கிட்டு) [with major dialect   variations] [1. have (for one's own use), possess] 2. frozen formative in   cpd. verbs 3. marker of the reflexive/middle in verbs 4. marker of the   simultaneous aspect 5. (+ இரு) marker of the progressive",29, [ koḷ ]
கோடி,"[obl. கோடியே]  kooTi [obl. kooTiyee] கோடி [obl. கோடியே] ""crore,""   ten million, 1,,,",29, [ kōṭi ]
கோடை,"kooTe(kaalam) கோடெ(காலம்) summer, hot season",29, [ kōṭai ]
கோபம்,koopam கோபம் anger,29, [ kōpam ]
கோயில்,kooylu கோய்லு temple,29, [ kōyil ]
கோழி,"kooRi கோழி chicken, fowl",29, [ kōẕi ]
சக்கரம்,cakkram சக்கரம் wheel,29, [ cakkaram ]
சக்தி,"cakti சக்தி power, energy; ability; force, forces (in. pl.)",29, [ cakti ]
சங்கடம்,cankaTam சங்கடம் embarrassment,29, [ cangkaṭam ]
சங்கம்,"cankam சங்கம் association, academy, union, society",29, [ cangkam ]
சங்கீதம்,[இசை]  cankiitam சங்கீதம் music,29, [ cangkītam ]
சட்டம்,"caTTam சட்டம் frame(work); rule; law, act",30, [ caṭṭam ]
சட்டை,"caTTe சட்டெ shirt, blouse",30, [ caṭṭai ]
சண்டை,caNTe சண்டெ quarrel,30, [ caṇṭai ]
சந்தி,6. canti= சந்தி meet,30, [ canti ]
சந்தி,"canti சந்தி crossing, junction, meeting point",30, [ canti ]
சந்திரன்,"cantiran, nelaa சந்திரன், நெலா moon",30, [ cantiraṉ ]
சந்தேகம்,canteekam சந்தேகம் doubt; suspicion,30, [ cantēkam ]
சந்தை,cante சந்தெ market,30, [ cantai ]
சமம்,"camam சமம் level, evenness; equality",30, [ camam ]
சமயம்,"camayam சமயம் opportunity, (appropriate) time, occasion;   religion",30, [ camayam ]
சமூகம்,"camuukam சமூகம் community, society (in general)",30, [ camūkam ]
சமை,"6. came= சமெ cook, prepare (a meal)",30, [ camai ]
சம்பளம்,"campaLam சம்பளம் salary, pay, wages",30, [ campaḷam ]
சரி,"cari சரி 1. correct(ness) [n.] 2. O.K., alright, fine, yes   [int.]",30, [ cari ]
சர்க்கரை,cakkare சக்கரெ sugar,30, [ carkkarai ]
சர்க்கார்,carkkaaru சர்க்காரு (the) Government,30, [ carkkār ]
சனிக்கிழமை,canikkeRame சனிக்கெழமெ Saturday,31, [ caṉikkiẕamai ]
சா,"ir. (சாக, செத்து)  caa (caaka, cettu) சா (சாக, செத்து)  die (nonpolite)",31, [ cā ]
சாப்பாடு,"[உணவு]  caappaaTu சாப்பாடு food; meal, dinner",31, [ cāppāṭu ]
சாப்பிடு,"4. [உண் 5.]  caappiTu (-piTa, -piTTu) சாப்பிடு (-பிட,   -பிட்டு) eat, have a meal",31, [ cāppiṭu ]
சாமான்,"caamaan சாமான் baggage, one's things",31, [ cāmāṉ ]
சாம்பார்,"caampaar சாம்பார் sambar, a lentil sauce",31, [ cāmpār ]
சாயங்காலம்,"caayankaalam சாயங்காலம் evening, 4 o'clock until dark",31, [ cāyangkālam ]
சாலை,"rooTu, caale ரோடு, சாலெ road, highway",31, [ cālai ]
சாவி,caavi சாவி key,31, [ cāvi ]
சிங்கம்,cinkam சிங்கம் lion,31, [ cingkam ]
சிரி,"6. ciri= சிரி laugh, smile",31, [ ciri ]
சில,"koncam (n.) கொஞ்சம் cela, konca (adj.) செல,  கொஞ்ச some, a few, not many (adj. and n.)",31, [ cila ]
சில்லறை,"cillare சில்லறெ change, coins; retail (of trade); various,  sundry, odd (jobs) adj.",31, [ cillaṟai ]
சிவப்பு,"cevappu செவப்பு red, redness",31, [ civappu ]
சிற,"7. cerappaayiru செறப்பாயிரு excel, be distinguished",31, [ ciṟa ]
சிறிய,"[சிறு]  cinna சின்ன small, little (in size)",31, [ ciṟiya ]
சின்ன,"cinna சின்ன little, small",32, [ ciṉṉa ]
சீ,சீச்சீ  cii சீ <u>interjection expressing contempt</u>,32, [ cī ]
சீக்கிரமாக,"ciikkramaa சீக்கரமா quickly, soon",32, [ cīkkiramāka ]
சீர்திருத்தம்,"ciirtiruttam சீர்திருத்தம் improvement, reform",32, [ cīrtiruttam ]
சுடு,"4. cuTu (cuTa, cuTTu) சுடு (சுட, சுட்டு)   be hot, feel hot, be burnt; heat, fry, bake, roast; burn (as of food); fire   (a gun)",32, [ cuṭu ]
சுத்தம்,"tuppravu துப்பரவு cleanness, purity",32, [ cuttam ]
சுமார்,"cumaar சுமார் approximately, about",32, [ cumār ]
சும்மா,"cummaa சும்மா lazily, idly, leisurely; just for fun, without   any reason, just because",32, [ cummā ]
சுருங்கு,"3. curunku- சுருங்கு shrink, wrinkle; frown",32, [ curungku ]
சுலபம்,"colapam சொலபம் easiness, facility",32, [ culapam ]
சுவர்,covaru சொவரு wall,32, [ cuvar ]
சுவை,"cove, ruci சொவெ, ருசி taste, flavor",32, [ cuvai ]
சுற்றி,cutti சுத்தி 1. around (post. + acc.) 2. cvb. of   சுற்று `go round',32, [ cuṟṟi ]
சூரியன்,cuuriyan சூரியன் sun,32, [ cūriyaṉ ]
சூழ்நிலை,"cantarppam சந்தர்ப்பம் circumstance, environment, situation",32, [ cūẕnilai ]
செடி,ceTi செடி plant (botanical),32, [ ceṭi ]
செம்பு,cempu செம்பு copper; a particular water pot,33, [ cempu ]
செய்,"1. paNNu- [North] பண்ணு ceyyi (ceyya, cencu) [south]   செய்யி (செய்ய, செஞ்சு) do, make",33, [ cey ]
செய்தி,"viSayam விஷயம் news, message, matter; deed",33, [ ceyti ]
செருப்பு,"ceruppu செருப்பு ""chappals,"" sandals",33, [ ceruppu ]
செலவு,"celavu செலவு out-go, expenditure",33, [ celavu ]
செல்,1. 1-2. poo 2. naTa 1-2. போ 2. நட 1. [arrive at   (a destination)]; be current (of money) 2. <u>have an effect</u>,33, [ cel ]
செல்வம்,"cottu சொத்து wealth, riches; prosperity",33, [ celvam ]
செவ்வாய்க்கிழமை,cevvaakkeRame செவ்வாக்கெழமெ Tuesday,33, [ cevvāykkiẕamai ]
சென்ற,"poona போன last, previous",33, [ ceṉṟa ]
சென்னை,"cenne, meDraasu சென்னை, மெட்ராஸு Madras",33, [ ceṉṉai ]
சேர்,"2./6. ceeru-/= சேரு 2. approach, draw near; be near; reach (a   destination) 6. collect, combine, join, unite",33, [ cēr ]
சேர்த்து,ceetu சேத்து together (+ tr. v.) [post. + acc.],33, [ cērttu ]
சேர்ந்து,"ceentu சேந்து 1. together (+ intr. v.) [post. + nom.] 2. cvb.   of சேர் 2. `approach, draw near'",33, [ cērntu ]
சைக்கிள்,"caykkiL, caykiL சய்க்கிள், சய்கிள் bicycle",33, [ caikkiḷ ]
சைவம்,"cayvam சய்வம் vegetarianism, Śaivism; a vegetarian,   Śaivite",34, [ caivam ]
சொத்து,"cottu சொத்து property, goods, possession, asset",34, [ cottu ]
சொந்த,"conta சொந்த own, belonging to, personal",34, [ conta ]
சொல்,"3. ir. collu (colla, colli; <u>past</u>--conneen) சொல்லு  (சொல்ல, சொல்லி; <u>past</u>   --சொன்னேன்) say, tell, inform, request",34, [ col ]
சோறு,cooru சோறு cooked rice,34, [ cōṟu ]
சௌக்கியம்,"cavkkyam சவ்க்கயம் (good) health, well-being",34, [ caukkiyam ]
ஞாயிற்றுக்கிழமை,ñaayittukkeRame ஞாயித்துக்கெழமெ Sunday,34, [ ñāyiṟṟukkiẕamai ]
டம்ளர்,"looTTaa லோட்டா cup, tumbler",34, [ ṭamḷar ]
டீ,Tii டீ tea,34, [ ṭī ]
தகரம்,takaram தகரம் tin,35, [ takaram ]
தகு,"4. ir. and 2. eettataayiru   ஏத்ததாயிரு be fit, proper, suitable, appropriate",35, [ taku ]
தங்கம்,"[பொன்]  tankam, ponnu தங்கம், பொன்னு gold",35, [ tangkam ]
தங்கு,"3. tanku- தங்கு stay, remain",35, [ tangku ]
தங்கை,"tankacci, tanke தங்கச்சி, தங்கெ younger sister;   <u><form of address or endearment to a younger girl</u>",35, [ tangkai ]
தடவை,"முறை  taTave தடவெ turn, occasion; (number of) times",35, [ taṭavai ]
தடி,"taTi தடி stick, staff",35, [ taṭi ]
தடு,"6. taTu- தடு hinder, be an obstacle",35, [ taṭu ]
தட்டு,"3. taTTu- தட்டு tap, knock, clap, pat",35, [ taṭṭu ]
தட்டு,"taTTu தட்டு plate, tray, any shallow open vessel; knock,   pat",35, [ taṭṭu ]
தண்டனை,taNTane தண்டனெ punishment,35, [ taṇṭaṉai ]
தண்டு,taNTu தண்டு stalk (of plant),35, [ taṇṭu ]
தண்ணீர்,[நீர்]  taNNi தண்ணி water; [cold water],35, [ taṇṇīr ]
தந்தி,"tanti தந்தி telegram, cable; string (of musical instrument)",35, [ tanti ]
தபால்,"tapaalu தபாலு mail, post",36, [ tapāl ]
தப்பு,"tappu தப்பு sin of omission: <u>mistake, error,</u> misdeed,   oversight",36, [ tappu ]
தமிழ்,"tamiR, tamiLu தமிழ், தமிளு Tamil",36, [ tamiẕ ]
தம்பி,"tampi தம்பி younger brother; boy, <u>address form to male   servants</u>",36, [ tampi ]
தயார்,"tayaar(u) தயாரு ready, readiness",36, [ tayār ]
தயிர்,"tayru தயிரு yoghurt, ""curd""",36, [ tayir ]
தரம்,"taram தரம் kind, sort, quality, standard; suitability (for   one's position, rank, etc.), likeness, counterpart, match; <u>(number of)   times</u>",36, [ taram ]
தரை,tare தரெ floor,36, [ tarai ]
தலை,tale தலெ head; priority; top,36, [ talai ]
தவறு,"3. 1. tavaru- தவறு 2. tappu paNNu- தப்புபண்ணு   1. slip, stumble 2. err, fail, blunder",36, [ tavaṟu ]
தவிர,"tavira தவிர except, besides, apart from [post. + acc.]",36, [ tavira ]
தள்ளு,"3. taLLu- தள்ளு push, shove; press, reject, remove, move   aside",36, [ taḷḷu ]
தனி,"(adj. and adv.) tani தனி solitary, alone, sole; unique",36, [ taṉi ]
தன்மை,"goNam கொணம் quality, condition, nature",36, [ taṉmai ]
தா,"ir. taa (tara, tantu) தா (தர, தந்து)   give, grant, bestow",36, [ tā ]
தாகம்,taakam தாகம் thirst,36, [ tākam ]
தாகம்,taakam தாகம் thrist,36, [ tākam ]
தாங்கள்,[obl. தங்கள்]   avankataan அவங்கதான் they themselves; [you (extremely   hon.)],37, [ tāngkaḷ ]
தாங்கு,"3. taanku தாங்கு bear, endure; sustain, support",37, [ tāngku ]
தாத்தா,"taattaa தாத்தா grandfather, any old man",37, [ tāttā ]
தாம்,[obl. தம் ]   avankataan அவங்கதான் they themselves; he himself (hon.),37, [ tām ]
தான்,"[obl. தன் ]   avantaan அவன்தான் himself, herself, itself (resumptive   pronoun)",37, [ tāṉ ]
திங்கட்கிழமை,tinkakkeRame திங்கக்கெழமெ Monday,37, [ tingkaṭkiẕamai ]
திடீரென்று,tiTiirNNu திடீர்ண்ணு suddenly,37, [ tiṭīreṉṟu ]
திடுக்கிடு,"4. tiTukkTu -(kiTa, -kiTTu) திடுக்கிடு -(கிட,   -கிட்டு) be surprises, startled, alarmed, frightened",37, [ tiṭukkiṭu ]
திட்டம்,"1. tiTTam திட்டம் 2. tulliyam துல்லியம் 1. plan,   scheme; arrangement, estimate 2. accuracy",37, [ tiṭṭam ]
திராட்சை,draace தராச்செ grape(s),37, [ tirāṭcai ]
திரு,"tiru திரு 1. divine, sacred, holy (adj.) 2. mister, Mr., Sri",37, [ tiru ]
திருடு,3. tiruTu- திருடு steal,37, [ tiruṭu ]
திருநாள்,tirunaa (Lu) திருநாள் festival day,37, [ tirunāḷ ]
திருப்பு,"3. tiruppu- திருப்பு turn, cause to turn; repeat (+ verb)",38, [ tiruppu ]
திரும்பு,"3. tirumpu- திரும்பு turn; return, go back (intr.)",38, [ tirumpu ]
திரைப்படம்,cinimaa சினிமா movie,38, [ tiraippaṭam ]
தில்லி,"டில்லி  Dilli, Delli டில்லி, டெல்லி Delhi",38, [ tilli ]
திற,"7. tera (terakka, terantu) தெற, தெறக்க,   தெறந்து) open (verb of motion, not situation)",38, [ tiṟa ]
தினம்,"denam தெனம் day (seen as a recurring unit), daily",38, [ tiṉam ]
தின்,"5. tin(nu) (tinna, tinnu) தின்(னு) (தின்ன,   தின்னு) eat (not a meal), snack; eat (of animals)",38, [ tiṉ ]
தீக்குச்சி,tiikkucci தீக்குச்சி a match,26, [ tīkkucci ]
தீர்மானம்,"tiirmaanam தீர்மானம் decision; resolution, motion (as in   Parliament)",38, [ tīrmāṉam ]
தீவிரம்,tiiviram தீவிரம் intensity; aggravation; radicalism; (political)   activity,38, [ tīviram ]
தீவு,tiivu தீவு island,38, [ tīvu ]
துக்கம்,"tukkam துக்கம் sorrow, grief; agony",38, [ tukkam ]
துடை,"6. toTe- தொடெ mop, wipe, dry (as of dishes), dust",38, [ tuṭai ]
துணி,"tuNi துணி cloth, piece of cloth; clothes, fabric goods in   general",38, [ tuṇi ]
துணை,"toNe தொணெ help, assistance; one who helps, deputy, Vice-,   Assistant-",38, [ tuṇai ]
துண்டு,"tuNTu துண்டு piece, fragment, bit, slice; towel, piece of   cloth",38, [ tuṇṭu ]
துரை,dore தொரெ person in authority,38, [ turai ]
துவை,6. tove- தொவெ wash (clothes) [implies immersion in water],38, [ tuvai ]
துளி,tuLi துளி (a) drop; a very little,39, [ tuḷi ]
துறை,"tore தொறெ department, sector, sphere, branch; harbor",39, [ tuṟai ]
தூக்கு,"3. 1. tuukku- தூக்கு 2. eTepaaru எடெபாரு 1. lift   up, raise (from above) 2. weigh",39, [ tūkku ]
தூங்கு,3. tuunku- தூங்கு sleep,39, [ tūngku ]
தூரம்,tuuram தூரம் distance,39, [ tūram ]
தெய்வம்,"கடவுள்  teyvam தெய்வம் god, godhead, deity",39, [ teyvam ]
தெரியும்,"imp. v. + dat. [அறி 2. ]   teriyum தெரியும் know, know how to, see how to",39, [ teriyum ]
தெரு,turu(vu) தெரு(வு) street,39, [ teru ]
தெளிவாக,"teLivaa தெளிவா evidently, clearly",39, [ teḷivāka ]
தெற்கு,tekku தெக்கு south,39, [ teṟku ]
தெற்கே,tekke தெக்கெ to/in the south,39, [ teṟkē ]
தென்,"---- south, southern",39, [ teṉ ]
தேங்காய்,teenkaa தேங்கா coconut (frozen cpd.),39, [ tēngkāy ]
தேடு,"3. teeTu- தேடு seek, search, look for; long for",39, [ tēṭu ]
தேதி,"teeti தேதி date, day of the month",39, [ tēti ]
தேர்,"3. paatteTu- பாத்தெடு 2. tee(r)nteTu- தே(ர்)ந்தெடு   1. select 2. choose, elect",39, [ tēr ]
தேவை,"avaciyam அவசியம் need, want, necessity",40, [ tēvai ]
தேன்,teenu தேனு honey,40, [ tēṉ ]
தை,"6. tey- தெய் sew, stitch, make (a dress, etc.)",40, [ tai ]
தொகை,"toke தொகெ amount; collection, anthology",40, [ tokai ]
தொடங்கு,"3. aarampi- ஆரம்பி begin, start (a situation,  process); originate",40, [ toṭangku ]
தொடர்,"2. toTaru- தொடரு continue, follow, take up, pursue",40, [ toṭar ]
தொடு,"4. toTu, (toTa, toTTu) தொடு (தொட,   தொட்டு) touch",40, [ toṭu ]
தொண்டை,toNTe தொண்டெ throat,40, [ toṇṭai ]
தொண்ணூறு,"[obl. தொண்ணூற்று]  toNNuuru தொண்ணூறு [obl. toNNuutti தொண்ணூத்தி   ninety, 9",40, [ toṇṇūṟu ]
தொலை,"2./6. tole-/= தொலெ 2. perish, be ruined, die; be lost 6.   destroy, make perish, wreck, ruin, kill, finish (off);",40, [ tolai ]
தொழில்,"1. veele வேலெ 2. toRilu தொழிலு 1. action; work,   occupation, profession 2. industry",40, [ toẕil ]
தோசை,"dooce தோசெ dosa, a thin pancake",40, [ tōcai ]
தோட்டம்,"tooTTam தோட்டம் garden, grove",40, [ tōṭṭam ]
தோல்,"toolu தோலு skin, hide, leather; bark, rind,  peel, peanut shell; any outside covering",40, [ tōl ]
தோழமை,"tooRame தோழமெ friendship, companionship",41, [ tōẕamai ]
தோள்,tooLu தோளு shoulder,41, [ tōḷ ]
தோன்று,"3. tooNu- தோணு seem, appear; appear (for first time)",41, [ tōṉṟu ]
நகம்,"nakam, nekam நகம், நெகம் (finger) nail, claw",41, [ nakam ]
நகரம்,"[நகர்]  nakaram நகரம் city, town, municipality",41, [ nakaram ]
நகர்,"2./6. nakaru-/= நகரு 2. move aside 6. ""shift,"" move (tr.)",41, [ nakar ]
நகை,"nake நகெ piece of jewelry, jewelry",41, [ nakai ]
நட,"7. naTa (naTakka, naTantu) நட (நடக்க,   நடந்து) walk, behave, conduct oneself; (continue to function)   flourish; happen, take place",41, [ naṭa ]
நடத்து,"3. naTattu- நடத்து cause to walk; cause to perform: direct,   manage, conduct, hold, arrange, run",41, [ naṭattu ]
நடவடிக்கை,"naTavaTikke நடவடிக்கெ procedure, (administrative) measure,   step; activity, action; conduct, behavior",41, [ naṭavaṭikkai ]
நடி,"6. naTi- நடி dance, act",41, [ naṭi ]
நடு,"naTu நடு middle, center",41, [ naṭu ]
நடை,"naTe நடெ walk, pace",41, [ naṭai ]
நடைபெறு,"4. naTa (7.) நட occur, take place",41, [ naṭaipeṟu ]
நட்சத்திரம்,naccattram நச்சத்தரம் star; film star,42, [ naṭcattiram ]
நண்பன்,[சிநேகிதன்]   sneeytan ஸ்நேய்தன் friend,42, [ naṇpaṉ ]
நம்பிக்கை,"nampikke நம்பிக்கெ confidence, trust; belief, faith, hope",42, [ nampikkai ]
நம்பு,"3. nampu- நம்பு believe, trust; rely on",42, [ nampu ]
நரி,"nari நரி fox, jackal",42, [ nari ]
நலம்,1. cavkkyam சவ்க்கயம் 2. nallatu நல்லது 1.   welfare 2. benefit; merit,42, [ nalam ]
நல்ல,"nalla நல்ல good, proper, as it should be",42, [ nalla ]
நன்கு,nalla நல்ல well (LT n. used as adv.),42, [ naṉku ]
நன்மை,"lappam, nallatu லாபம், நல்லது benefit, goodness,   advantage",42, [ naṉmai ]
நன்றாக,nallaa நல்லா well (adv.),42, [ naṉṟāka ]
நன்றி,"nanni, na<u>nr</u>i நன்னி, நன்றி gratitude,   thanks",42, [ naṉṟi ]
நஷ்டம்,naSTam நஷ்டம் loss,41, [ naṣṭam ]
நாக்கு,naakku நாக்கு tongue,42, [ nākku ]
நாங்கள்,"[obl. எங்கள்]  naanka(L) நாங்கள் [obl. enka(L) எங்கள்] we   (exclusive), they and I",42, [ nāngkaḷ ]
நாடகம்,"naaTakam நாடகம் drama, play",42, [ nāṭakam ]
நாடு,"naaTu, deecam நாடு, தேசம் land inhabited by   people: country, state",42, [ nāṭu ]
நாட்டு,"3. naaTTu- நாட்டு establish, install, erect",42, [ nāṭṭu ]
நாம்,"[obl. நம் ]   naama(L) நாமள் [obl. namma(L) நம்மள் ] we   (inclusive, you and I (and they)",43, [ nām ]
நாய்,naayi நாயி dog,43, [ nāy ]
நாளை,naaLekki நாளெக்கி tomorrow,43, [ nāḷai ]
நாள்,naa(Lu) நாளு day (24 hour period); time,43, [ nāḷ ]
நாற்காலி,naakkaali நாக்காலி chair,43, [ nāṟkāli ]
நாற்பது,"[obl. நாற்பத்து]  naappatu நாப்பது [obl. naappatti நாப்பத்தி ]   forty, 4",43, [ nāṟpatu ]
நான்,[obl. என் ]   naan [obl. en] நான் [obl. என்] I,43, [ nāṉ ]
நான்கு,[நால் ]  naalu நாலு four,43, [ nāṉku ]
நிகழ்ச்சி,"campavam சம்பவம் occurrence; function, performance, event",43, [ nikaẕcci ]
நிச்சயம்,"niccayam நிச்சயம் certainty, assurance; truth",43, [ niccayam ]
நிதி,"paNam பணம் finance, fund; treasure",43, [ niti ]
நிமிர்,"2. nimiru- நிமிரு stand straight, erect; look up",43, [ nimir ]
நிமிஷம்,"nimiSam நிமிஷம் moment, minute",43, [ nimiṣam ]
நிர்வாகம்,"nirvaakam நிர்வாகம் administration, management",43, [ nirvākam ]
நிலம்,"nelam நெலம் soil, (agricultural) land, ground, real eatate",43, [ nilam ]
நிலை,"nele நெலெ situation, state, condition; position; permanence",43, [ nilai ]
நிலைமை,"neleme நெலமெ situation, condition, state",44, [ nilaimai ]
நிலையம்,"neleyam நெலெயம் institution; site, place",44, [ nilaiyam ]
நில்,"5. ir. nillu (nikka, ninnu) நில்லு,   (நிக்க,நின்னு) stand; stay; cease",44, [ nil ]
நிறுத்து,"3. niruttu- நிறுத்து stop; erect (statue, etc.), make stand;   support (an action)",44, [ niṟuttu ]
நிறை,"2. nere- நெறெ become full, overflow; abound",44, [ niṟai ]
நிறைய,"nereya, rompa, jaasti நெறெய, ரொம்ப,   ஜாஸ்தி much, too much, a lot",44, [ niṟaiya ]
நினை,"6. nene நெனெ think, remember, consider",44, [ niṉai ]
நீ,[obl. உன்]   nii [obl. un] நீ [obl. உன் ] you (sing.),44, [ nī ]
நீங்கள்,[obl. உங்கள்]  niinka(L) நீங்கள் [obl. unka(L) உங்கள் ] you (pl.   and hon.),44, [ nīngkaḷ ]
நீதி,niiti நீதி justice,44, [ nīti ]
நீர்,"1. taNNi தண்ணி 2. niir- நீர் 1. fluid, liquid 2.   water (in cpds.), hydro-",44, [ nīr ]
நீலம்,"niilam நீலம் blue, blueing",44, [ nīlam ]
நீளமான,niiLamaana நீளமான long,44, [ nīḷamāṉa ]
நுழை,"2. /6. புகு 4.]   noRe-/= நொழெ 2. enter, creep in 6. poke, be nosey, make   enter",44, [ nuẕai ]
நூல்,"nuulu நூலு thread, yarn; [book, treatise; science]",44, [ nūl ]
நூறு,"[obl. நூற்று]   nuuru [obl. nuutti] நூறு [obl. நூத்தி ] hundred, 1",44, [ nūṟu ]
நெய்,"neyyi நெய்யி ghee, clarified butter",45, [ ney ]
நெருங்கு,3. nerunku- நெருங்கு approach,45, [ nerungku ]
நெருப்பு[தீ],"]      neruppu, tii நெருப்பு, தீ fire",45, [ neruppu[tī]
நெல்,"nellu நெல்லு paddy, unhusked rice, rice in the field",45, [ nel ]
நெற்றி,"netti நெத்தி forehead, brow",45, [ neṟṟi ]
நேரம்,"neeram நேரம் time, a period of time less than 24 hours",45, [ nēram ]
நேர்,"neeru நேரு straightness, straight; upright, honest",45, [ nēr ]
நேர்மை,nyaayam நயாயம் honesty; straightness,45, [ nērmai ]
நேற்று,neettikki நேத்திக்கி yesterday,45, [ nēṟṟu ]
நோ,"(நோக, நொந்து)  noo (noova, nontu) நோ நோவ,நொந்து)   feel pain, ache",45, [ nō ]
நோக்கி,"paattu பாத்து 1. towards, to (post. + acc.) [2. cvb. of   நோக்கு `look at']",45, [ nōkki ]
பகல்,"pakalu பகலு daytime, day (as opposed to night)",45, [ pakal ]
பகுதி,"1. baakam பாகம் 2. eTam எடம் 1. part,   portion 2. region, area",45, [ pakuti ]
பக்கத்தில்,"[அருகில்]  pakkattule பக்கத்துலெ in the vicinity of, near (post. + dat.;   அருகில், also + obl.)",45, [ pakkattil ]
பக்கம்,"pakkam பக்கம் 1. side, vicinity; page 2. near, by (post. +   obl.)",45, [ pakkam ]
பங்கு,"panku பங்கு portion, share",45, [ pangku ]
பசி,6. imp. v. + dat.  paci- பசி be (extremely) hungry,46, [ paci ]
பசி,"paci பசி hunger, appetite",46, [ paci ]
பசு,pacu பசு cow,46, [ pacu ]
பச்சை,"pacce பச்செ fresh, raw, cool (of water); green, yellow-green;   frank, blunt",46, [ paccai ]
பஞ்சு,"pancu, panci பஞ்சு, பஞ்சி cotton",46, [ pañcu ]
படகு,paTaku படகு boat,46, [ paṭaku ]
படம்,"paTam படம் picture: film, movie, photo, map",46, [ paṭam ]
படி,6. paTi- படி read; study,46, [ paṭi ]
படி,"paTi படி step, staircase; a measure of volume (about 1/2   gallon)",46, [ paṭi ]
படியால்,"atunaale அதுனாலெ on account of, as, by reason of, because   (post. + past pt.)",46, [ paṭiyāl ]
படு,"4. paTu (paTa, paTTu) படு (பட, பட்டு)   suffer; experience, feel, endure; <u>formative of verbs of feeling from   nouns</u>",46, [ paṭu ]
படு,"6. paTu- படு lie down (for sleep), lie flat; repose (implies   lying horizontal in an orderly manner) [the action, not the situation]",46, [ paṭu ]
படுக்கை,"paTukke படுக்கெ bed, couch",46, [ paṭukkai ]
படை,"paTTaaLam பட்டாளம் army; (m. pl.) forces, troops",47, [ paṭai ]
பட்டம்,"paTTam பட்டம் (an) honor, title, degree; <u>nickname</u>",47, [ paṭṭam ]
பட்டு,paTTu பட்டு silk,47, [ paṭṭu ]
பணம்,"paNam பணம் money, wealth",47, [ paṇam ]
பதவி,"patavi பதவி position, post, rank, station",47, [ patavi ]
பதிமூன்று,"patimuuNu. பதிமூணு thirteen, 13",47, [ patimūṉṟu ]
பதில்,"batilu பதிலு 1. answer, reply (n.) 2. instead of (post. +   dat.)",47, [ patil ]
பதிவு,"pativu பதிவு registration (sealing), recording",47, [ pativu ]
பதினாலு,"patanaalu, patinaalu பதனாலு, பதினாலு   fourteen, 14",47, [ patiṉālu ]
பதினாறு,"patanaaru, patinaaru பதனாறு, பதினாறு sixteen,   16",47, [ patiṉāṟu ]
பதினெட்டு,"pataneTTu, patineTTu பதனெட்டு, பதினெட்டு   eighteen, 18",47, [ patiṉeṭṭu ]
பதினேழு,"pataneeRu, patineeRu பதனேழு, பதினேழு seventeen,   17",47, [ patiṉēẕu ]
பதினைந்து,"patanancu, patinancu பதனஞ்சு, பதினஞ்சு fifteen,   15",47, [ patiṉaintu ]
பதினொன்று,"patanoNNu, patinoNNU பதனொண்ணு, பதினொண்ணு   eleven, 11",47, [ patiṉoṉṟu ]
பத்திரிகை,"pattrikke பத்தரிக்கெ newspaper, magazine, periodical",47, [ pattirikai ]
பத்து,"pattu பத்து ten, 1",47, [ pattu ]
பத்தொன்பது,"pattompatu பத்தொம்பது nineteen, 19",47, [ pattoṉpatu ]
பயம்,bayam பயம் fear,48, [ payam ]
பயன்,"laapam லாபம் reward, result, profit; usefulness",48, [ payaṉ ]
பயிர்,"payiru பயிரு crop, grain (while growing); any useful plant   (annuals only)",48, [ payir ]
பயிற்சி,"payircci பயிற்சி training, exercise, practice",48, [ payiṟci ]
பரம்பரை,"parampare பரம்பரெ tradition, generation",48, [ paramparai ]
பரவாயில்லை,paravaale பரவா(யி)ல்லெ never mind; it doesn't matter; it's   not bad,48, [ paravāyillai ]
பரிசு,"paricu பரிசு prize, reward",48, [ paricu ]
பருப்பு,"paruppu பருப்பு pulse, ""dal,"" any lentil/pea; coconut meat",48, [ paruppu ]
பல,"pala, palaana பல, பலான many (adj. if preceding, n.  otherwise)",48, [ pala ]
பலகை,"palake பலகெ board, plank",48, [ palakai ]
பலன்,"pelan/palan (ெ)பலன் result, produce, effect; gain",48, [ palaṉ ]
பல்,"pallu பல்லு tooth, tooth (of wheel), garlic clove",48, [ pal ]
பல்கலைக்கழகம்,yuuniversiTTi யூனிவெர்ஸிட்டி university,48, [ palkalaikkaẕakam ]
பல்லி,"palli பல்லி lizard, esp. gecko",48, [ palli ]
பழம்,"paRam பழம் ripe fruit, fruit",48, [ paẕam ]
பழி,"paRi பழி blame, censure, fault; revenge",48, [ paẕi ]
பழைய,"paReya பழெய old, mature",48, [ paẕaiya ]
பள்ளிக்கூடம்,paLLikkuuTam பள்ளிக்கூடம் school,49, [ paḷḷikkūṭam ]
பற,"7. para (parakka, parantu)  பற (பறக்க, பறந்து) fly; move   swiftly",49, [ paṟa ]
பறவை,parave பறவெ bird,49, [ paṟavai ]
பற்றி,"patti பத்தி 1. about, concerning, regarding (post. + acc.) [2.   cvb. of பற்று `hold, adhere to']",49, [ paṟṟi ]
பற்றிய,pattina பத்தின which concerns,49, [ paṟṟiya ]
பனி,"pani பனி 2. mancu மஞ்சு 3. aysu அய்ஸு   <u>any form of precipitation except rain</u>: 1. dew, snow, frost 2. fog,   mist 3. ice",49, [ paṉi ]
பன்றி,"paNNi பண்ணி pig, hog",49, [ paṉṟi ]
பன்னிரண்டு,"panneNTu பன்னெண்டு twelve, 12",49, [ paṉṉiraṇṭu ]
பஸ்,"bassu, kaaru பஸ்ஸு, காரு bus",46, [ pas ]
பாடம்,paaTam பாடம் lesson,49, [ pāṭam ]
பாடம் செய்,"paaTam paNNu பாடம்பண்ணு memorize; can (vegetables, etc.)",49, [ pāṭam cey ]
பாடல்,"paaTTu பாட்டு poem, verse, song",49, [ pāṭal ]
பாடு,3. paaTu- பாடு sing,49, [ pāṭu ]
பாட்டி,"paaTTi பாட்டி grandmother, any very old woman",49, [ pāṭṭi ]
பாட்டு,"paaTTu பாட்டு song, singing",49, [ pāṭṭu ]
பாத்திரம்,"paattram பாத்தரம் (metal) pot, vessel",49, [ pāttiram ]
பாம்பு,paampu பாம்பு snake,50, [ pāmpu ]
பாய்,"2. paay(i)- பாயி leap, spring, jump",50, [ pāy ]
பாய்,paayi பாயி mat,50, [ pāy ]
பார்,"6. paaru- பாரு see, watch; try",50, [ pār ]
பார்த்துக்கொள்ள,"paattukkoo பாத்துக்கோ take care of, watch over",50, [ pārttukkoḷḷa ]
பால்,paalu பாலு milk,50, [ pāl ]
பால்,"enam எனம் sex, gender",50, [ pāl ]
பாவம்,"paavam பாவம் 1. sin, misfortune 2. alas, it's pity (int.)",50, [ pāvam ]
பாவாடை,"paavaaTe பாவாடெ shirt, petticoat",50, [ pāvāṭai ]
பானை,paane பானெ (clay) pot (with wide mouth and round bottom),50, [ pāṉai ]
பிடி,"6. piTi- பிடி catch, take hold of, seize, grab; <u>take   (a picture)</u>",50, [ piṭi ]
பிடிக்கும்,imp. v. + dat.  piTikkum பிடிக்கும் like (v.),50, [ piṭikkum ]
பித்தளை,pittaLe பித்தளெ brass,50, [ pittaḷai ]
பிரயாணம்,"prayaaNam பரயாணம் travel, journey",50, [ pirayāṇam ]
பிரி,"2./6. piri-/= பிரி 2. depart; be separated; unravel 6. separate,   divide, rip out (seam), open (a letter)",50, [ piri ]
பிற,"7. 1. pera பெற (perakka, perantu பெறக்க,   பெறந்து), pora பொற, etc. 2. pooTu   போடு 1. be born 2. be issued",50, [ piṟa ]
பிறகு,"appram, pinne அப்பறம் பின்னெ 1. afterwards, (and)   then [2. after (post. + past pt., cf. பின்)]",51, [ piṟaku ]
பின்,"பின்பு, பின்னால், பின்   appram அப்பறம் after (post. + past pt.)",51, [ piṉ ]
பின்னாலே,"[பின், பின்னால்]  pinnaale பின்னாலெ 1. behind (in space); after (in time) (post.   + dat./obl., cf. பின்) [2. after (post. + past pt. n. in dat.)]   3. afterwards",51, [ piṉṉālē ]
புகை,"poke பொகெ smoke, fume, steam; (cigarette) smoking",51, [ pukai ]
புடவை,"poTave, ceele பொடவெ, சேலெ sari",51, [ puṭavai ]
புட்டி,"buTTi, baaTTlu புட்டி , பாட்டலு   bottle",51, [ puṭṭi ]
புண்,puNNu புண்ணு wound,51, [ puṇ ]
புதன்கிழமை,botankeRame பொதங்கெழமெ Wednesday,51, [ putaṉkiẕamai ]
புது,[புதிய]  putu புது new,51, [ putu ]
புரள,"1. poraLu (poraLa, poraNTu) பொரளு(பொரள,   பொரண்டு) roll over, revolve (horizontally); be overturned",51, [ puraḷa ]
புரியும்,imp. v. + dat. [அறி 2.]   puriyum புரியும் understand,51, [ puriyum ]
புலவர்,"pulavar, polavar புலவர், பொலவர் poet, learned   man",51, [ pulavar ]
புலி,"puli புலி tiger, panther",51, [ puli ]
புல்,pullu புல்லு grass,51, [ pul ]
புழு,"puRu புழு worm, maggot",52, [ puẕu ]
புளி,"puLi புளி tamarind, sourness",52, [ puḷi ]
புள்ளி,"puLLi புள்ளி spot, point, tittle; index (data)",52, [ puḷḷi ]
புறப்படு,"4. porappaTu பொறப்படு set out, start (a journey); rise (of   sun, star, etc.)",52, [ puṟappaṭu ]
புஸ்தகம்,[நூல்]   pustakam புஸ்தகம் book,51, [ pustakam ]
பூ,puu(vu) பூ(வு) flower; shredded coconut (+   தேங்காய்,52, [ pū ]
பூச்சி,"puucci பூச்சி insect, bug, worm, germ",52, [ pūcci ]
பூட்டு,puuTTu பூட்டு lock,52, [ pūṭṭu ]
பூனை,puune பூனெ cat,52, [ pūṉai ]
பெட்டி,peTTi பெட்டி box; iron (for clothes),52, [ peṭṭi ]
பெண்,poNNu பொண்ணு <u>daughter</u>; <u>girl</u>; bride,52, [ peṇ ]
பெண்,1. poNNu பொண்ணு 2. pompLe பொம்பளெ 1. female 2.   woman,52, [ peṇ ]
பெயர்,பேர்  peeru பேரு 1. name; noun; reputation 2. person (used with   numbers as a classifier in the colloquial style),52, [ peyar ]
பெய்,"1. peyyi (peyya, pencu) பெய்யி (பெய்ய,   பெஞ்சு) rain",52, [ pey ]
பெரிய,"[பேர், பெரு ]  periya, பெரிய big, large, great, important",52, [ periya ]
பெருக்கு,"3. perukku- பெருக்கு multiply, increase; [sweep] (tr.)",52, [ perukku ]
பெருமை,"perume பெருமெ pride; greatness, nobleness; fame, glory;   prestige, reputation",52, [ perumai ]
பெறு,"4. 1. peru (pera, pettu) பெறு(பெற,   பெத்து) 2. keTekkum imp. v. கெடெக்கும் 1. give   birth to 2. get, obtain, receive; achieve",53, [ peṟu ]
பெற்றோர்,appaammaa அப்பாம்மா parents,53, [ peṟṟōr ]
பேசு,"3. peecu- பேசு speak, talk",53, [ pēcu ]
பேச்சு,"peeccu- பேச்சு speech, talk",53, [ pēccu ]
பேரன்,peeran பேரன் grandson,53, [ pēraṉ ]
பேராசிரியர்,prafasaru பரபசரு professor,53, [ pērāciriyar ]
பேர்த்தி,peetti பேத்தி granddaughter,53, [ pērtti ]
பேனா,"pen(nu), peenaa பென்(னு), பேனா pen (the writing   instrument)",53, [ pēṉā ]
பை,"payyi பய்யி bag, pocket",53, [ pai ]
பைசா,"paycaa, kaacu பய்சா, காசு paise, 1/1 rupee;   money",53, [ paicā ]
பைத்தியம்,"payttyam, payittiyam பய்த்தயம், பயித்தியம்   madness, insanity, folly; mania; mad person",53, [ paittiyam ]
பையன்,"payyan பய்யன் boy, son",53, [ paiyaṉ ]
பொடி,"poTi பொடி 1. powder, dust; snuff (n.) 2. very small (adj.)",53, [ poṭi ]
பொது,"caataaraNa சாதாரண public, common, general, usual",53, [ potu ]
பொய்,"poy பொய்(யி) lie, falsehood, untruth",53, [ poy ]
பொருள்,"1. arttam அர்த்தம், 2. caamaan சாமான் 1. meaning;   substance, matter 2. object, thing; (pl.) good, product",53, [ poruḷ ]
பொறு,"6. poruttukkoo பொறுத்துக்கோ wait; endure, bear with,   tolerate; have patience",53, [ poṟu ]
பொறுமை,porume பொறுமெ patience,54, [ poṟumai ]
போ,"3. ir.  poo (pooka, pooyi) போ (போக, போயி)   go",54, [ pō ]
போக்கு,"pookku போக்கு going; practice, manner, habit; behavior,   attitude; tendency, trend, style, usage",54, [ pōkku ]
போக்குவரத்து,"pookkuvarattu போக்குவரத்து traffic, transport",54, [ pōkkuvarattu ]
போடு,"4. [ இடு 4.]  pooTu (pooTa, pooTTu) போடு (போட,   போட்டு) put, place (unintentionally or   carelessly); throw (away), drop; give birth to (of animals); <u>helping   verb with numerous nouns with general idea of put</u>: draw (a picture),   put in (a road), serve (coffee), etc.",54, [ pōṭu ]
போட்டி,"pooTTi போட்டி contest, competition, tournament, match",54, [ pōṭṭi ]
போதும்,"imp. v. + dat.  pootum போதும் be enough, be sufficient",54, [ pōtum ]
போர்,"yuddam யுத்தம் war, battle",54, [ pōr ]
போல,"போல்)  poola போல 1. like, similar (post. + acc.) 2. as (if) (post. +   conditional; post. + pt. n.) [3. inf., stem of போல்   `resemble']",54, [ pōla ]
போன்,"[தொலைபேசி]  foon போன் ஃ phone, telephone",54, [ pōṉ ]
மகள்,maka(L) மகள் daughter,54, [ makaḷ ]
மகன்,makan மகன் son,54, [ makaṉ ]
மகிழ்ச்சி,"cantooSam சந்தோஷம் joy, gladness; <u>pleasure</u>",55, [ makiẕcci ]
மக்கள்,jananka ஜனங்கள் people; [childern],55, [ makkaḷ ]
மஞ்சள்,manca(Lu) மஞ்சளு turmeric; yellow,55, [ mañcaḷ ]
மடி,maTi மடி lap; pocket flap of a வேஷ்டி,55, [ maṭi ]
மட்டும்,"maTTum மட்டும் 1. only, alone [2. until, as far as, as long as   (post. + noun. and pts.]",55, [ maṭṭum ]
மணி,"maNi மணி gem, jewel, bead; bell, gong; hour of the day",55, [ maṇi ]
மணிக்கு,maNikki மணிக்கி o'clock,55, [ maṇikku ]
மணிநேரம்,maNineeram மணிநேரம் hour (of 6 minutes),55, [ maṇinēram ]
மண்,"maNNu மண்ணு earth, soil, dirt",55, [ maṇ ]
மதிப்பு,"patippu மதிப்பு value, estimation; reverence, regard",55, [ matippu ]
மத்திய,"mattya மத்தய central; Union-, of the Centre",55, [ mattiya ]
மத்தியானம்,"mattyaanam மத்தயானம் midday, early afternoon",55, [ mattiyāṉam ]
மந்திரி,[அமைச்சர்]  mantiri மந்திரி minister (of state),55, [ mantiri ]
மயக்கம்,"mayakkam மயக்கம் mental confusion, delusion, perplexity;   sleepiness, intoxication, fainting",55, [ mayakkam ]
மரம்,maram மரம் tree; wood,55, [ maram ]
மரியாதை,mariyaate மரியாதெ respect; propriety; civility,55, [ mariyātai ]
மருந்து,"maruntu மருந்து medicine, remedy",56, [ maruntu ]
மருமகள்,"marumaka(L) மருமகள் daughter-in-law; female cross-cousin,   niece",56, [ marumakaḷ ]
மருமகன்,"marumakan மருமகன் son-in-law, male cross-cousin, nephew",56, [ marumakaṉ ]
மலை,"male மலெ mountain, hill",56, [ malai ]
மல்லிகை,mallike மல்லிகெ jasmine,56, [ mallikai ]
மழை,maRe மழெ rain,56, [ maẕai ]
மற,"7. mara (marakka, marantu) மற (மறக்க,   மறந்து) forget",56, [ maṟa ]
மறு,"1. innoru இன்னொரு 2. aTutta அடுத்த 1. another,   other 2. next",56, [ maṟu ]
மறுபடியும்,[மீண்டும்]  tirumpavum திரும்பவும் marupaTi(yum)   மறுபடி(யும்) again,56, [ maṟupaṭiyum ]
மறை,"2./6. 2. kaaNaama(l) poo காணாம(ல்)போ   6. oLincukkoo ஒளிஞ்சுக்கோ 2. disappear, be hidden 6. hide,   make disappear",56, [ maṟai ]
மறை,veetam வேதம் Veda; <u>Bible</u>,56, [ maṟai ]
மற்ற,matta மத்த the other (adj.),56, [ maṟṟa ]
மற்று,"mattapaTi மத்தபடி other, otherwise (adv. and n.)",56, [ maṟṟu ]
மனம்,"மனது [உள்ளம்]  manam, manacu மனம், மனசு mind, heart, will",56, [ maṉam ]
மனிதன்,"manitan, manuSan மனிதன்மனுஷன் man; human being",56, [ maṉitaṉ ]
மனைவி,"manevi, poNTaaTTi மனெவி,பொண்டாட்டி wife",56, [ maṉaivi ]
மன்னி,"6. manni- மன்னி excuse (+ nom., + acc.); forgive, pardon (+   nom., + dat.)",57, [ maṉṉi ]
மாடி,"maaTi மாடி upper story / floor, upstairs; roof terrace",57, [ māṭi ]
மாடு,"maaTu மாடு ox, bovine",57, [ māṭu ]
மாணவன்,maaNavan மாணவன் student (m.),57, [ māṇavaṉ ]
மாணவி,maaNavi மாணவி student (f.),57, [ māṇavi ]
மாதம்,maacam மாசம் month,57, [ mātam ]
மாதிரி,"maatiri மாதிரி 1. manner, way, fashion (n.) 2. as, like (post.   + pt.)",57, [ mātiri ]
மாப்பிள்ளை,maapLe மாப்பளெ bridegroom; husband; younger brother-in-law,57, [ māppiḷḷai ]
மாமா,"maamaa மாமா uncle, mother's brother, father's sister's   husband, father-in-law; any older man",57, [ māmā ]
மாமி,"maami மாமி mother's brother's wife, mother-in-law; any older   woman (of somewhat indefinite connection)",57, [ māmi ]
மாம்,-  maam- மாம் mango (usually compounded),57, [ mām ]
மார்பு,"maaru மாரு chest, bosom, breast",57, [ mārpu ]
மாலை,"maale மாலெ 1. garland, necklace 2. evening, P. M.",57, [ mālai ]
மாவட்டம்,maavaTTam மாவட்டம் district,57, [ māvaṭṭam ]
மாறாக,"maaraa மாறா against, as opposed to (post. + dat.)",57, [ māṟāka ]
மாறு,"3. maaru- மாறு change, alter (intr.); move aside, give way",57, [ māṟu ]
மான்,maanu மானு deer,57, [ māṉ ]
மிகவும்,"rompa ரொம்ப very, much, a lot",58, [ mikavum ]
மிருகம்,"mirukam மிருகம் animal, beast",58, [ mirukam ]
மிளகாய்,"moLakaa மொளகா ""chillies,"" red pepper",58, [ miḷakāy ]
மின்குமிழ்,balbu பல்பு light bulb,58, [ miṉkumiẕ ]
மின்சாரம்,karaNTu கரண்ட்டு electricity,58, [ miṉcāram ]
மின்னல்,minnalu மின்னலு lighting,58, [ miṉṉal ]
மீதி,"miccam மிச்சம் excess, surplus, remainder",58, [ mīti ]
மீன்,miinu மீனு fish,58, [ mīṉ ]
முகம்,"mokam மொகம் face, countenance; mouth of a river, entrance to   a harbor; honor, pride, `face'",58, [ mukam ]
முகவரி,vilaacam விலாசம் address (where one lives),58, [ mukavari ]
முக்கியம்,"mukkiyam முக்கியம் importance, that which is chief/primary",58, [ mukkiyam ]
முடி,"2./6/ muTi-/= முடி 2. finish, come to an end 6. finish,   complete",58, [ muṭi ]
முடி,muTi முடி hair (of head),58, [ muṭi ]
முடிச்சு,muTicci முடிச்சு knot,58, [ muṭiccu ]
முடியும்,"ipm. v. + instr.  muTiyum முடியும் can, be able, be possible",58, [ muṭiyum ]
முடிவு,"muTivu முடிவு end, finality; decision, conclusion",58, [ muṭivu ]
முட்டாள்,"muTTaaLu முட்டாளு stupid person, fool",59, [ muṭṭāḷ ]
முட்டை,"muTTe முட்டெ egg, <u>zero</u>",59, [ muṭṭai ]
முதலாம்,motalaam மொதலாம் first(ly),59, [ mutalām ]
முதல்,"mota(l) மொதல் 1. first, initial 2. beginning, principal   (money, Chief- (political) 3. from (with time expressions) [post. + nom.]",59, [ mutal ]
முதுகு,mutuku முதுகு (the) back,59, [ mutuku ]
முத்து,muttu முத்து pearl; <u>kiss</u>,59, [ muttu ]
முப்பது,"[obl. முப்பத்து]  muppatu முப்பது [obl. muppatti முப்பத்தி ] thirty,   3",59, [ muppatu ]
முயல்,"moyalu மொயலு rabbit, hare",59, [ muyal ]
முயற்சி,"muyarcci முயற்ச்சி attempt, effort; perseverance",59, [ muyaṟci ]
முல்லை,mulle முல்லெ (Arabian) jasmine,59, [ mullai ]
முழு,"muRu முழு whole, entire, complete",59, [ muẕu ]
முளை,"moLe மொளெ sprout, shoot (of plants); (attached) peg, post,   stake; wedge",59, [ muḷai ]
முள்ளு,"முள்  muLLu முள்ளு thorn, prickle; hands of clock",59, [ muḷḷu ]
முறை,"1. maatiri மாதிரி 2. varice வரிசெ 3. taTave   தடவெ 1. manner 2. order, regularity 3. repetition, turn   (one's turn), times (4 times)",59, [ muṟai ]
முன்,"முன்பு,முன்பே,முன்னால்   munnaale முன்னாலெ before (post. + fut. pt.)",60, [ muṉ ]
முன்னாலே,"[முன்,முன்னால்]  munnaale முன்னாலெ 1. in front of, in the presence of (post. +   dat./obl., cf. 857.) [2. before (post. + dat. of fut. pt. n.] 3. formerly,   before",60, [ muṉṉālē ]
மூக்கு,"muukku மூக்கு nose; bill, beak (of bird); pouring spout",60, [ mūkku ]
மூச்சு,muuccu மூச்சு breath; <u>life</u>,60, [ mūccu ]
மூடு,"3. muuTu மூடு cover, close",60, [ mūṭu ]
மூலம்,"muulam மூலம் 1. with, by means of, through (the agency of),   under the auspices of (post. + nom.) 2. root, origin; original text;   means",60, [ mūlam ]
மூலை,"muule மூலெ corner, angle",60, [ mūlai ]
மூன்று,muuNu மூணு three,60, [ mūṉṟu ]
மெதுவாக,"metuvaa மெதுவா slowly, softly",60, [ metuvāka ]
மெல்ல,"mella, moLLa மெல்ல,மொள்ள slowly, softly, gently",60, [ mella ]
மெல்லிய,"mellicu மெல்லிசு soft, thin, delicate",60, [ melliya ]
மேகம்,meekam மேகம் cloud,60, [ mēkam ]
மேய்,"2./6. meey-/= மேயி 2. graze. eat (grass or grain) 6. graze,   feed (cattle, etc.)",60, [ mēy ]
மேலும்,"atooTe அதோடெ moreover, besides, further",61, [ mēlum ]
மேலே,"மேல்[மீது]  meele மேலெ 1. upper surface, high; the west (cf.   மேற்கு) n. 2. on (top of), upon (touching*); concerning [post.   + obl.] 3. above (not touching*); after (in time) [post. + dat.]   *<u>contrast not maintained in all dialects</u>",61, [ mēlē ]
மேல்,"----- west, western",61, [ mēl ]
மேற்கு,meekku மேக்கு west,61, [ mēṟku ]
மேற்கே,meekke மேக்கெ to/in the west,61, [ mēṟkē ]
மேஜை,"meeje, meece மேஜெ, மேசெ table, desk",60, [ mējai ]
மை,mayyi மய்யி ink,61, [ mai ]
மொத்தம்,"mottam மொத்தம் total, aggregate; the whole, universal",61, [ mottam ]
மொழி,"baaSe பாஷெ language; word, saying, expression",61, [ moẕi ]
மோதிரம்,mootiram மோதிரம் (hand) ring (jewelry),61, [ mōtiram ]
மோர்,mooru மோரு buttermilk,61, [ mōr ]
யாராவது,"yaaraavatu யாராவது anyone, anybody",61, [ yārāvatu ]
யாரும்,"yaarum யாரும் anyone, everyone; (+ neg.) no one",61, [ yārum ]
யாரோ,yaaroo யாரோ someone,61, [ yārō ]
யார்,yaaru யாரு who,61, [ yār ]
யானை,yaane யானெ elephant,62, [ yāṉai ]
ரசம்,"racam ரசம் rasam, a thin soup",62, [ racam ]
ரயில்,"இரயில்[புகைவண்டி]  rayilu ரயிலு railway, train",62, [ rayil ]
ரவிக்கை,"இரவிக்கை  ravikke ரவிக்கெ sari blouse, ""choli,"" bodice",62, [ ravikkai ]
ரூபாய்,ruupaa(y) ரூபாய் rupee,62, [ rūpāy ]
ரொட்டி,"roTTi ரொட்டி bread, ""roti, chapatti""",62, [ roṭṭi ]
ரோஜா,roojaa ரோஜா rose,62, [ rōjā ]
லட்சம்,"[obl. லட்சத்து]  laccam லச்சம் [obl. laccatti லச்சத்தி ] ""lakh,""   hundred thousand, 1,,",62, [ laṭcam ]
வகு,6. 1-2. piri- பிரி- 3. vaku- வகு 1. classify 2.   divide 3. divide (in math),62, [ vaku ]
வகுப்பு,"vakappu, kLaasu வகுப்பு,கிளாஸு class, division",62, [ vakuppu ]
வகை,"vetam வெதம் kind, sort, type; manner, way, method; division,   portion",62, [ vakai ]
வங்கி,"பாங்கு  baanku, bank பாங்கு,பாங்க் bank   (financial)",62, [ vangki ]
வசதி,"vasati வசதி convenience, facility; well-off, comfortable",62, [ vacati ]
வட,"---- north, northern",63, [ vaṭa ]
வடக்கு,vaTakku வடக்கு north,63, [ vaṭakku ]
வடக்கே,vaTakke வடக்கெ to/in the north,63, [ vaṭakkē ]
வட்டம்,"vaTTtam வட்டம் circle; region, ""taluk""",63, [ vaṭṭam ]
வணக்கம்,"vaNakkam வணக்கம் salutation; hello, how are you? (said while   joining hands together)",63, [ vaṇakkam ]
வண்டி,"vaNTi வண்டி cart; conveyance, vehicle",63, [ vaṇṭi ]
வண்ணான்,"doobi, vaNNan தோபி,வண்ணான் washerman,   ""dhobi""",63, [ vaṇṇāṉ ]
வந்து,"vantu வந்து <u>hesitation form</u>: uh, well",63, [ vantu ]
வயது,"[வயசு]  vayacu வயசு years old, years (of age); age",63, [ vayatu ]
வயல்,"vayalu வயலு field (with boundaries), esp. paddy field",63, [ vayal ]
வயிறு,"vayru வயறு stomach, belly, abdomen",63, [ vayiṟu ]
வரலாறு,carittram சரித்தரம் history,63, [ varalāṟu ]
வரி,1. vari வரி 2. laynu லய்னு 1. tax 2. line,63, [ vari ]
வருமானம்,"வருவாய்  campaLam, varumaanam income சம்பளம், வருமானம்   income",63, [ varumāṉam ]
வருஷம்,varSam வர்ஷம் year,63, [ varuṣam ]
வரை,"vare வரெ 1. measure, limit [2. up to, until (post. + nom.)]",63, [ varai ]
வரைக்கும்,"varekkum வரெக்கும் 1. up to, until (post. + nom.) 2. until, as   far as (post. + pt.)",63, [ varaikkum ]
வரையில்,"vareyle வரெய்லெ 1. up to, until (post. + nom.) 2. until   (post. + pt.)",64, [ varaiyil ]
வல,vala வல right,64, [ vala ]
வலது,[வலம்]  valatu வலது the right side,64, [ valatu ]
வலி,"6. imp. v. + dat. vali- வலி smart, pain, ache",64, [ vali ]
வலி,"vali வலி (a) pain, ache",64, [ vali ]
வலிமை,"balam பலம் strength, power",64, [ valimai ]
வழக்கம்,"vaRakkam வழக்கம் custom, convention, habit",64, [ vaẕakkam ]
வழக்கு,"vaRakku வழக்கு litigation, lawsuit, case; dispute",64, [ vaẕakku ]
வழி,"vaRi வழி way, path; method",64, [ vaẕi ]
வழியாக,"vaRiyaa வழியா by, through, by way of (post. + obl.)",64, [ vaẕiyāka ]
வளர்,2./6. vaLaru-/= வளரு 2. grow (intr.) 6. raise (tr.),64, [ vaḷar ]
வா,"(வர, வந்து)  vaa (vara, vantu) வா (வர, வந்து) 1. come   2. (imp. v. + dat.) be getting, receive)",64, [ vā ]
வாங்கு,"3. vaanku- வாங்கு buy, get, receive; pant, be short of breath",64, [ vāngku ]
வாசல்,"vaacal வாசல் entrance, doorway, gateway",64, [ vācal ]
வாசனை,vaacane வாசனெ smell (n.),64, [ vācaṉai ]
வாய்,"vaayi வாயி mouth, mouthful, opening of bag, etc.",64, [ vāy ]
வாரம்,vaaram வாரம் week,64, [ vāram ]
வால்,vaalu வாலு tail,65, [ vāl ]
வாழை,"vaaRe- வாழெ banana tree, banana (in cpds.)",65, [ vāẕai ]
வாழ்,"2. 1. nallaa iru நல்லா இரு 2. nallaa naTa நல்லா   நட 1. live 2. thrive, prosper",65, [ vāẕ ]
வாழ்க,"---- welcome, greetings (formal)",65, [ vāẕka ]
வாழ்க்கை,"vaaRkke வாழ்க்கை living, life",65, [ vāẕkkai ]
வாளி,vaaLi வாளி bucket,65, [ vāḷi ]
வானொலி,reeTiyoo ரேடியோ radio,65, [ vāṉoli ]
விசாரணை,"vecaaraNe வெசாரணை investigation, inquiry, trial;   interrogation",65, [ vicāraṇai ]
விசிறி,viciri விசிறி fan; (movie) fan,65, [ viciṟi ]
விட,"viTa விட 1. compared to, than (post. + acc.) 2. inf. of   விடு `leave'",65, [ viṭa ]
விடி,"2. viTi-, veTi- விடி, வெடி dawn (as day), rise (of   sun); break through (difficulties)",65, [ viṭi ]
விடு,"4. viTu (viTa, viTTu) விடு(விடவிட்டு )   [often -Tu - டு or -ru -று in cpds.] leave; release,   let go, abandon, give up; permit, allow, let; <u>completive aspect marker   in verb compounds</u>",65, [ viṭu ]
விடுதலை,"viTutale விடுதலெ freedom, liberty, independence; release (of   prisoner, etc.)",65, [ viṭutalai ]
விடுமுறை,"liivu லீவு leave, holiday, vacation",65, [ viṭumuṟai ]
விதி,"viti விதி fate, destiny; principle, rule, law",65, [ viti ]
விதை,vete வெதெ seed (of plants),65, [ vitai ]
வித்தியாசம்,"vittyaacam வித்தயாசம் difference, contrariety; distinction",66, [ vittiyācam ]
விநியோகம்,viniyookam விநியோகம் distribution,66, [ viniyōkam ]
விமானம்,vimaanam விமானம் airplane,66, [ vimāṉam ]
வியாதி,"viyaati வியாதி sickness, disease",66, [ viyāti ]
வியாபாரம்,"vyaapaaram வயாபாரம் commerce, trade, business",66, [ viyāpāram ]
வியாபாரி,vyaapaari வயாபாரி merchant,66, [ viyāpāri ]
வியாழக்கிழமை,vyaaRakkeRame வயாழக்கிழமை thursday,66, [ viyāẕakkiẕamai ]
விரல்,"veralu வெரலு finger, toe",66, [ viral ]
விருந்து,viruntu விருந்து feast; food for guest,66, [ viruntu ]
விரோதம்,virootam விரோதம் enmity,66, [ virōtam ]
விலை,vele வெலெ price,66, [ vilai ]
வில்,5. vittiTu- வித்திடு sell,66, [ vil ]
விவசாயம்,vevacaayam வெவசாயம் agriculture,66, [ vivacāyam ]
விவரம்,"vevaram வெவரம் details, detailed narration, amplification",66, [ vivaram ]
விழா,"viseeSam விஸேஷம் celebration, festival, festivity, ceremony",66, [ viẕā ]
விழு,"2. viRu- விழு fall; win (a lottery, etc.)",66, [ viẕu ]
விளக்கு,"veLakku வெளக்கு lamp; light, illumination",66, [ viḷakku ]
விளங்கு,"3. veLanku- வெளங்கு be clear; become renowned, flourish",67, [ viḷangku ]
விளையாடு,3. veLeyaaTu- வெளெயாடு play; sport,67, [ viḷaiyāṭu ]
வீடு,viiTu வீடு house; household,67, [ vīṭu ]
வீரன்,viiran வீரன் hero,67, [ vīraṉ ]
வெங்காயம்,venkaayam வெங்காயம் onion,67, [ vengkāyam ]
வெட்கம்,vekkam வெக்கம் shame; modesty,67, [ veṭkam ]
வெட்டு,"3. veTTu- வெட்டு cut, chop, cut with scissors",67, [ veṭṭu ]
வெண்ணெய்,veNNe வெண்ணெ butter,67, [ veṇṇey ]
வெயில்,"veylu வெய்(யி)லு heat of the sun,   sunshine",67, [ veyil ]
வெல்லம்,"vellam வெல்லம் ""jaggery,"" brown sugar",67, [ vellam ]
வெளி,"(-)  veLi(-) வெளி(-) foreign, external; empty space; outer space",67, [ veḷi ]
வெளிநாட்டார்,veLikkaarar வெளிக்காரர் foreigner,67, [ veḷināṭṭār ]
வெளியே,"வெளியெ  veLiye வெளியெ out, outside, exterior",67, [ veḷiyē ]
வெள்ளி,"veLLi silver; Venus (the planet), Friday",67, [ veḷḷi ]
வெள்ளிக்கிழமை,veLLikkeRame வெள்ளிக்கெழமெ Friday,67, [ veḷḷikkiẕamai ]
வெள்ளை,"veLLe வெள்ளெ white, whiteness; innocence",67, [ veḷḷai ]
வெறும்,"verum வெறும் empty, mere, blank",67, [ veṟum ]
வெற்றி,"ve<u>tr</u>i, jeyam வெற்றிஜெயம் victory, success",68, [ veṟṟi ]
வே,"(வேக,வெந்து)  vee (veeka, ventu) வே (வேக,வெந்து) be   cooked (in narrowest sense, in water and without seasoning), parcook; be   hot",68, [ vē ]
வேகமாக,"veekamaa வேகமா quickly, in a hurry; intensely, strong (of   taste)",68, [ vēkamāka ]
வேண்டாம்,veeNTaam வேண்டாம் do not want; should not,68, [ vēṇṭām ]
வேண்டிய,"veeNTiya வேண்டிய necessary, needful (adj.)",68, [ vēṇṭiya ]
வேண்டும்,"imp. v. + dat.  veeNum வேணும் want; should, need",68, [ vēṇṭum ]
வேர்,veeru வேரு root (of plants),68, [ vēr ]
வேலி,veeli வேலி fence,68, [ vēli ]
வேலை,"veele வேலெ work, job, employment",68, [ vēlai ]
வேறு,"veere வேறெ other, different, foreign",68, [ vēṟu ]
வேஷ்டி,"veeSTi, veeTTi வேஷ்டி, வேட்டி ""dhoti,"" a man's   lower garment",68, [ vēṣṭi ]
வை,"6. vayyi (vakkya, vaccu) வய்யி(வக்க,   வச்சு) put, lay, place, set aside (intentionally); keep, make   and keep; serve (food, etc.)",68, [ vai ]
ஜன்னல்,jannalu ஜன்னலு window,34, [ jaṉṉal ]
ஜாதி,"caati சாதி caste, jāti",34, [ jāti ]
ஸார்,saar ஸார் sir; gentleman (n. and int.),34, [ sār ]