to throw out,  பெய், 
throw aside,  பெய், 
to insert,  பெய், ஈராசிடை வெண்பா; நூக்கி, போக்கு, தூர்// செருகு/ கோ, ஓட்டல்; நாட்டு; நுழுந்து; நீட்டு, திணி, 
interpolate as in a text,  பெய், 
to make to settle,  பெய், 
appoint,  வரை, பெய், பணியமர்த்து, அமர்த்து, பணியில் அமர்த்து/ வகு/ வகுத்தல், 
to discharge,  பெய், உதை, எவ்வு/ குதை, போக்கு/ கடவு/ விழு, உகை, தொடு, உமையாள், பெயர்/ வழங்கு, ஏவு, 
to writedraw,  பெய், 
as harness,  பெய், 
as jewells,  பெய், 
cloths,  பெய்// சோமாறு/ கூறை, 
to bring into play,  பெய், 
to shed,  பெய்;- இகுத்தல், உதிர்/ வடி, உகு// சிதர்/ வழி/ கவிழ்;- இகு, 
as tears,  பெய்;- இகுத்தல், துளி, உதிர், ஒற்று/ வடி, உகு// சோர், பனி, பொசி;- இகு// சத்துவம், 
to strew,  பெய், தெளி/ வீசு, 
scatter,  பெய்/ கடைவிரி/ கலை, துரத்தல், உளர்// சிதறல் விளக்கப்படம்/ வீசு// சிதறு// சீந்து, உளை, தூவு/ குலை, தெளி, தூவுதல், உகு// சிதை// சிதறல்// சிதர், துர, 
being close together,  பெய், 
feed hopper,  வைத்தூட்டி, பெய்கலம், ஊட்டு பெய்கலன், 
pot or vessel,  பெய்கலம், 
measuring by a vessel of standard capacity,  பெய்தளத்தல், 
insertion,  செருகல், உட்செருகல், உட்சேர்த்தல், உட்புகுத்துதல்;- இடைச்செருகுதல், பெய்துரை, தகிலிப்பு// செருகுதல்; நுழைத்தல்; நுழைப்பு, 
interpolation,  இடைமதிப்பீடு; நேர்கோட்டு இடைமதிப்பீடு, அகநிர்ணயம், பெய்துரை;- இடைக்கணிப்பு, எதிர்மாறு இடைமதிப்பீடு;- இடைக் கணிப்பு;- இடைச்செருகல், 
as wearing bracelets,  பெய்வளை, 
ladyaswearingbracelets,  பெய்வளை, 
nomenclature,  பெயரிடல்// சொல் வழக்கு, பெயரிடு முறை, பெயரீட்டாளர், பெயர்த்தொகுதி, பெயரிடு நெறி/ வழக்காற்றுச் சொல், பெயரிடும்முறை, பெயரீட்டுமுறை// சொல்வழக்கு, பெயர், பெயர் விளக்கம்;- இடுபெயர்த் தொகுதி, பெயரீடு, பெயரிடுமுறை, பெயரீட்டு முறை, 
noun,  பெயர், பெயர்ச்சொல், 
lable,  பெயர், 
appellation,  நாமம், தலைப்பு// சொல் பொருண்மை உறவு, பெயர்// சமிஞ்ஞை, அபிதானம்// சொல்; நாமதேயம், 
designation,  பொறுப்புப் பெயர், பெயர், பெயரளி, பதவிப் பெயர், பதவிப்பெயர்/ குறி, 
reputation,  நற்புகழ்; நன்மதிப்பு, ஓமல், தோற்றம், பொருளுரை; நிலைபேறு/ வண்மை, பூச்சியம், உரை, ஓசை// சீர்; நலம்// சாய்: மதிப்பு; நாமம், பெயர், புகழ்// சீர்மை;- இடங்காரம்// செல்லாக்காலம்; நிறம்; நற்பெயர், 
shape form,  பெயர், 
treatise dealing with porul,  பெயர், 
alleged cause,  பெயர், 
pretaxt,  பெயர், 
nominative case,  பெயர், ழுவாய், 
veer,  பெயர், திசைமாற்றல், 
come back,  திரும்பி வா, பெயர், திரும்பி வந்த, 
to fall into ruins,  பெயர், 
to grow loose,  பெயர், 
to be detached,  பெயர், எடுபடு, 
to be displaced,  பெயர், 
dislodged,  பெயர், எடுபடு, 
to be separated,  விடு, பெயர்/ வீழ், 
to stand aside,  பெயர், 
to be rubbed,  பெயர், 
to pass from hand to hand,  பெயர், 
as currency,  பெயர், 
to be collected,  பெயர், 
as money or debt,  பெயர், 
dislodge,  இருப்பிடத்திலிருந்து மாற்று/ வெளியேற்று, பெயர்;- இடம் மாற்று;- இருப்பிடத்திலிருந்து அகற்று/ கழி/ கழித்தல், உதிர்தல், 
unseat,  பெயர்;- இருக்கையிலிருந்து நீக்கு, 
to shake from its basis,  பெயர், 
as foes,  பெயர், 
to remove from one place to another,  பெயர், 
to turn over,  தள்ளு, பெயர், திருப்பு, புரட்டு, 
as a cake,  பெயர், 
to force open,  பெயர்; நெம்பு, 
as a door,  நூக்கு// சாத்து, ஒற்று, பெயர், ஒருச்சரி, திற, 
to blow up,  பெயர், 
to blast,  பெயர், 
gather into ones self,  பெயர், 
realise,  வாய்தல், பெயர்/ வாய், பிரிதல், 
to lead,  உமையாள், ஆற்று, பெயர், ஆற்றுதல், 
alleged cause pretext,  பெயர், 
distribution of shares,  பெயர்க்கணக்கு, 
nominally,  பெயரளவில், பெயர்க்கு, 
for forms sake,  பெயர்க்கு, 
nominally for forms sake,  பெயர்க்கு, 
transit,  கடந்துசெல்கை;- இடைமாற்றம்;- இடங்கடப்பு, பயணம், திரிதல்/ கடப்பு; நாவாய்ப் பயணச் செயற்கைக்கோளின் பெயர் / வழி, ஊடுகடப்பு; நடுவழியில், பெயர்ச்சி, உச்சி கடத்தல்/ கடந்து செல்லல், புடைபெயர்வு/ கடந்து கொண்டு செல்லல், 
displacement,  இடம்மாற்று, பெயர்ச்சி;- இடப்பெயர்வு; நிலைப்பெயர்ச்சி;- இடப்பெயர்ச்சி;- இடப் பெயர்ச்சி;- இடம்பெயர்வு; நிலைமாற்றம், 
transport,  கொண்டு போதல், பெயர்ச்சி, ஏற்றிச் செல்லுதல், ஏற்றிச்செல்லுதல்/ வாகனம், போக்குவரத்து, போக்கு வரத்து, எடுத்துச்செல்லுதல்/ வண்டி;- இடம் பெயர்த்தல், பயணியர் போக்குவரத்து, 
transit of,  பெயர்ச்சி, 
dislocation,  இசகுபிசகு, திட்டச் சீர்குலைவு;- இடப் பிறள்வு நீக்கம்;- இடப்பிறழ்வு; நிலைகுலைவு;- இடப்பெயர்ச்சி: மூட்டுப்பிறழ்ச்சி, உளுக்கு;- இடம்பெயர்வு: மூட்டுவிலக்கம்;- இடமாற்றம், பெயர்ச்சி;- இடப்பெயர்வு/ விலகல்// சீர்க்குலைவு;- இருப்புமாறல்;- இடப்பிசகல், 
sutra dealing with technical terms,  பெயர்ச்சூத்திரம், 
a series of nouns with the connecting conjunction understood,  பெயர்ச்செவ்வெண், 
there being a pause between the nouns in utterance,  பெயர்ச்செவ்வெண், 
dist fr ummai t tokai,  பெயர்ச்செவ்வெண், 
noun or pronoun,  பெயர்ச்சொல், 
one of four parts of speech,  பெயர்ச்சொல், 
grand daughter,  பேத்தி, பெயர்த்தி, பேர்த்தி, 
as bearing the same name as her grandmother,  பெயர்த்தி, 
as of a planet from one iraci to another,  பெயர்த்தி, 
grand-daughter,  பேத்தி, பெயர்த்தி, 
as of a planet from one irai to another,  பெயர்த்தி, 
altered or changed form of a noun,  பெயர்த்திரிசொல், 
archaic or classical noun,  பெயர்த்திரிசொல், 
preliminary labour pains due to movements of the foetus,  பெயர்த்துக் கொடுக்கும்வலி, 
an ancient secondary melody type of mullai class,  பெயர்திறம், 
presently,  இச்சமயம், உடனடியாக/ விரைவாக, பெயர்ந்து;- இப்போது, 
nurpa dealing with technical terms,  பெயர் நூற்பா, 
a poem of,  பெயரின்னிசை, பெயர்நேரிசை, 
or stanzas of nericai venpa,  பெயர்நேரிசை, 
each mentioning the name of a patron or hero one of pirapantam,  பெயர்நேரிசை, 
nominal base of a derivative word,  பெயர்ப்பகுதி, 
exact half,  சொம்பாதி// சரிபாதி, பெயர்பாதி// செம்பாதி, பாதிபகடம், 
retreating,  இடையல், ஒதுக்கம்;- இடை, பெயர்புறம், 
word partaking of the nature of a noun,  பெயர்ப்போலி, 
genealogy,  குடும்ப மரபு வரலாறு/ வழி ஆய்வு/ குடி மரபியல்/ குடிமரபுக் கால்வழி, பேர்வழி/ குடிமரபு வரலாறு/ குடிவழி/ குடும்பமரபு வரலாறு/ குலமுறை, பெயர்வழி, பரவணி/ கால்வழி: மூதாதை மரபு வரலாறு/ வரத்து/ குடும்ப வரலாறு/ விருது: மரபு வழிமுறை// சரவரிசை/ குடிமரபு, 
first section of beschis catur akarati,  பெயரகராதி, 
containing homonyms,  பெயரகராதி, 
first section of beschis caduragardi,  பெயரகராதி, 
index of names,  பெயரட்டவணை, பேரட்டவனை, பேர்வழிப்பட்டோலை, 
noun base,  பெயரடி, 
to score out a name,  பெயரடி, 
as from a roll or register,  பெயரடி, 
and again,  பெயரப்பெயர, 
one who bears a name,  பெயரன், 
grandson,  பேராண்டி, பெயரன், 
as bearing the grandfathers name,  பெயரன், 
onewhobeavisaname,  பெயரன், 
person of great celebrity,  பெயராளி, 
to give a name,  பெயரிடுதல், 
to perform the rite of naming a child,  பெயரிடுதல், 
to perfrom the rite of naming a child,  பெயரிடுதல், 
having a name,  பெயரிய, 
havinganame,  பெயரிய, 
grammatical description of nouns,  பெயரியல், 
chapter on nouns,  பெயரியல், 
noun that naturally suggests its meaning,  பெயரியற்சொல், 
benami transaction,  பெயரிரவல், பொய்ப்பெயரில் பேரம், பேரிரவல், பெயர்இரவல் நடவடிக்கை: மாற்றாள் நடவடிக்கை, பெயரிரவல் பேரம், பெயரிரவல் நடவடிக்கை;- இரவல் பெயரில் நடவடிக்கை, 
namelessness,  நிர்நாமம், பெயரீடிலாமை, பெயரின்மை, 
one of iaivan en kunam,  பற்றின்மை/ குறைவிலறிவுடைமை/ வினையின்மை, பெயரின்மை, 
one of iraivaen-gunam,  பெயரின்மை, 
or stanzas of innicai venpn each mentioning the name of a patron or hero,  பெயரின்னிசை, 
one of pirapanicam,  பெயரின்னிசை, 
to stangas of innisi-venb each mentioning the name of a patron or hero,  பெயரின்னிசை, 
one of irrilakkiyam,  பெயரின்னிசை/ வளமடல், 
as qualifying a noun,  பெயருரிச்சொல், 
name and native place,  பெயரூர், 
relative participle,  பெயரெச்சம், 
adjectival participle,  பெயரெச்சம், 
relative p,  பெயரெச்சம், 
as requiring a noun to complete the sense,  பெயரெச்சம், 
a kind of letter,  பெயரெழுத்து, தன்மையெழுத்து, 
showering,  பெயல், 
iron wood of cevlon,  பெரி, 
iron-wood of cevlon,  பெரி, 
sth remar,  பெரிது, 
sth impor,  பெரிது, பிரதானம், 
greaty,  பெருக்க, பெரிது, 
major,  உரிய வயது வந்தவர்/ வளர்ந்தவர், உரிமை வயது எய்தியவர், பெரிய, பெரும்/ வயது வந்தவர், பெரும்பாசனத் திட்டங்கள்; நிறை அகவையர், படைத்துறைத் தலைவர், படைத்  துறைப்பணித் தலைவர், தளவாய், படைமேலர், பெரும்படியான, பருவ மடைந்த, ஈடாளார்: மேஜர், 
bold,  பெரிய; நெஞ்சன், துண்டை, தடித்த, அச்சமற்ற, துணிவான, திடாரி, தண்டுமாரி, தடிமன், துணிவுள்ள; நாட்டாண்மைக்காரி, எடுப்பான, 
macro,  பெரிய, பெரும், பெரும, பேரளவு, பெரிய என்பதன் முன்னொட்டு, பெருநிலைப் பொருளியல், 
magna,  பெரிய, 
hairy,  பெரிய/ கடின: முடிதவழ்: மயிருள்ள: முடிநிறைந்த, துணிவான இலக்குகள்: முடி போன்ற: முடிபோன்ற, 
audacious goals,  பெரிய/ கடின, துணிவான இலக்குகள், 
gull great black headed,  பெரிய, 
giant,  பெரிய/ கிருத்திராசுரன், ராட்சதன், அரக்கநிலை/ கொடுவா, ஊசிக்கெளிறு, ஊலா, 
magnum,  பெரிய, பேரளவு, பெரும்பாகம், பெருப்பம், 
remarkabl,  பெரிய, 
largegreat,  பெரிய, 
importangreat,  பெரிய, 
large bulrush millet,  பெரியகம்பு, பெருங்கம்பு, 
pennisetum typhoideum,  பெரியகம்பு, புல்// செந்தினை;- இளங்கம்பு, 
the great bear,  சுடர்ச்சக்கரம், பெரியகரடி, 
common quail,  பெரியகாடை; நாவாஞ்சகம், 
palacornis nepalensis,  பெரியகிளி, 
biggest tenant or cultivator in a village,  பெரியகுடியானவன், 
mirasdar,  பெரியகுடியானவன், பெரியதனக்காரன், 
liberal disposition,  பெரியகுணம், 
superiority or indifference to worldly greatness,  பெரியகுணம், 
honours or pleasure,  பெரியகுணம், 
magnamimity,  பெரியகுணம், 
liberal or bountiful hand,  பெரியகை, 
wealthy person,  திறமைக்காரன், தேட்டாளன், தொப்பைக்காரன், பெரியகை, திருவன்: மகாப்பிரபு// செஞ்செவியர்// செல்லன், தன்னியன், 
influential party,  பெரியகை, 
sriragam,  பெரியகோயில்/ கோயில், 
thiruvarangam,  பெரியகோயில், 
tanjore bigtemple,  பெரியகோயில், 
a big siva temple constructed at thanjavur by chola emperor rajarajaduring th century ad,  பெரியகோயில், 
maturing in six months,  பெரியசம்பா/ குளவாழை, 
an crya of the tenkali sri vaisavar,  பெரியசீயர், 
glabrous marting-nut,  பெரிய சேரான், 
indian wintercherry,  பெரிய தக்காளி, 
physalus peruuiana,  பெரிய தக்காளி, 
husband of mothers elder sister,  பெரிய தகப்பன், 
west indian bead tree,  நாட்டுச்சவுண்டல், தகராஞ்சிரம், பெருந்தகரை, பெரியதகரை, தகரை, 
leucaena glauca,  பெருந்தகரை, பெரியதகரை, 
nant,  பெரியதட்டு/ வேத்திரகரன், பளிஞ்சி, தேங்காய்த்தட்டு, 
chief among the non brahmin saiva ascetics of a mutt,  பெரியதம்பிரான், 
worshipped by washermen and others,  பெரியதம்பிரான், 
a form of goddess durga,  பெரியதம்பிரான், 
chief among the non-brahmin saiva ascetics of a mutt,  பெரியதம்பிரான், 
worshipped by washerman and others,  பெரியதம்பிரான், 
a form of goddess durg,  பெரியதம்பிரான், 
a prominent person,  பெரியதலை, 
hereditary headman of a caste,  பெரியதனக்காரன், 
chief landholder in a village,  பெரியதனக்காரன், 
uppishne,  பெரியதனம், 
haughtness,  பெரியதனம், பெருமை, 
mothers elder sister,  தாஆயி, பெரியதாய், பெரியம்மாள், 
wife of fathers elder brother,  பெரியதாய், 
the important annual festival in a temple,  பெரியதிருநாள், 
a matal poem in tivya p pirapantam by tirumakai y alvar,  பெரியதிருமடல், 
a poem in divviya-p-pirabandam by tirumarnigai-y-alvar,  பெரியதிருமடல், 
a poem in tivya p pirapantam by tirumakai y alvar,  பெரியதிருமொழி, 
a poem in tivya-p-pirabandam,  பெரியதிருமொழி, 
by tirumangai-y-alvar,  பெரியதிருமொழி, 
dist fr ciiya tiru v ati,  பெரியதிருவடி, 
dist fr ciriya-tiru-v-adi,  பெரியதிருவடி, 
a poem in wenb in tivviya-p-pirabandam by nammlvr,  பெரியதிருவந்தாதி, 
a large assembly of devotees,  பெரியதிருவோலக்கம், 
as in front of a deity,  பெரியதிருவோலக்கம், 
a large assemble of devotees,  பெரியதிருவோலக்கம், 
negro bean cowitch,  பெரியதெள்ளுக்காய், 
mucuna monosperma,  தெள்ளுக்காய்ச் செடி, பெரியதெள்ளுக்காய், 
hegro bean cowitch,  பெரியதெள்ளுக்காய், 
thepredecessorofarulingking,  பெரியதேவர், 
thesacredbullnandi,  பெரியதேவர், 
noble course of conduct,  பெரியநடை, 
preceptor of ramanuja,  பெரியநம்பி, 
vaisnava acrya precepor of rmnuja,  பெரியநம்பி, 
large sebesten,  பெரியநறுவிலி; நறுவிலி, பெருநறுவிலி// சீதம்/ விரிசு, 
festival day,  நன்னாள், பெரியநாள், 
festivalday,  பெரியநாள், 
cattle plague,  மாட்டுக்கொள்ளை நோய், பெரியநோவு, 
cattleplague,  பெரியநோவு, 
senior paternal uncle,  பெரியப்பன், 
mothers elder sisters husband,  பெரியப்பன், 
senio paternal uncle,  பெரியப்பன், 
mothers elder sisters hustand,  பெரியப்பன், 
fathers elder brother and also the husband of ones mothers elder sister,  பெரியப்பா, 
a standard measure of capacity,  கலசம், பெரியபடி, 
a standand measure of capaciy,  பெரியபடி, 
a coin of the value of querter rupee,  பெரிய பணம், 
big fanam annas,  பெரிய பணம், 
as chief consort of vinu,  பெரிய பிராட்டி, 
agedmanofavillageorafamily,  பெரிய பிள்ளை, 
heldinrespect,  பெரிய பிள்ளை, 
a hagiologic poem containing the lives of the sixty three nyamr,  பெரிய புராணம், 
by ckkir,  பெரிய புராணம், 
cant for hundred,  பெரியபுலு, 
as a large ten,  பெரியபுலு, 
large civet cat,  பெரியபுனுகுப் பூனை, புழுகு, 
viverra zebettia,  பெரியபுனுகுப் பூனை, 
large poolay,  பெரிய பூளை, 
m shaerna javanica,  பெரிய பூளை, 
greatfame,  பெரிய பெயர், 
god at srire tiru-v-arangam,  பெரிய பெருமாள், 
paramount soverign,  பெரிய பெருமாள், 
agreat noble nord,  பெரிய பேச்சு, 
long discussion,  பெரிய பேச்சு, 
asthesupremebeing,  பெரிய பொருள், 
term of respect for the lady of the house,  பெரியம்மா, 
senior paternal uncles wife,  பெரியம்மாள், 
the elderly lady or mistress of a house,  பெரியம்மாள், 
seniorpaternaluncleswife,  பெரியம்மாள், 
the elder lady or mistress of a house,  பெரியம்மாள், 
eldest of mothers brothers,  பெரியம்மான், 
fathers elder sisters husband,  பெரியம்மான், 
eldestofmothersbrothers,  பெரியம்மான், 
pillbearing shrge,  பெரியம்மான் பச்சரிசி, 
small herb,  பெரியம்மான் பச்சரிசி, 
personified as a deity,  பெரியம்மை, 
colloq goddess of misfortune,  பெரியம்மை, 
personifed as a deity,  பெரியம்மை, 
goddens of misfortuse,  பெரியம்மை, 
a large catamaran,  பெரியமரம், 
noble mind,  பெரியமனம்// சற்புத்தி, 
wealthy influential man,  பெரிய மனிதன், 
man of position,  பெரிய மனிதன், 
official or otherwise,  பெரிய மனிதன், 
head man of a caste,  பெரிய மனிதன், 
as of washerman,  பெரிய மனிதன், 
influential worn w oman of position,  பெரிய பெண், 
a girl who attainded puberty,  பெரிய பெண், 
an ancient treatise on poetics,  பெரிய முப்பழம், 
pointed-leave dhog weed,  பெரிய மூக்கிரட்டை, 
fore brain,  பெரியமூளை, 
person of great intellect,  பெரியமூளை, 
forebrain,  பெரியமூளை: முன்மூளை: முன் மூளை, 
a person of great intellect,  பெரியமூளை, 
the ense,  பெரியமேளம், 
barrel shaped two headed drum played with a stick,  பெரியமேளம், 
music of big instruments,  பெரியமேளம், 
like clarionet,  பெரியமேளம், 
pipe,  குழை, புழை, தூம்பு, பெரியமேளம்/ கொம்பு, புரை/ வமிசம்/ குழாய்/ வாரி/ குழல்/ குழாய்ச் சந்திப்பு/ குழாய் திருகி, 
dist fr cinna melam,  பெரியமேளம், 
anything done on a large scale,  பெரியமேளம், 
pipe drum and cymbals,  பெரியமேளம், 
dist cinna-mlam,  பெரியமேளம், 
cassia cinnamon,  இலவங்கப்பட்டை, தாளிசபத்திரி/ கருவா// சிறுநாகப்பூ, பெரியலவங்கப்பட்டை, 
cinnamonum macrocarpum,  பெரியலவங்கப்பட்டை, 
cassiacinnamon,  பெரியலவங்கப்பட்டை, 
a long foot,  பெரியவடி, 
elderly pe,  பெரியவர், 
the aged,  பெரியவர், பெரியார், 
thegreat,  பெரியவர், 
theaged,  பெரியவர், 
a large species of common millet,  பெரிய வரகு, 
a secondary medody type of the palai class,  பெரிய வராடி, 
noon meal offered before the chief deity in a temple,  பெரிய வவசரம், 
a girl who has attained puberty,  பெரியவள், தெருண்டபெண்// சமகன்னி, 
elderywoman,  பெரியவள், 
grown up man,  கடுக்கென்றவன், பெரியவன், 
grown-up man,  பெரியவன், 
author of many works,  பெரியவாச்சான்பிள்ளை, 
and commentator of tivya p pirapantam,  பெரியவாச்சான்பிள்ளை, 
a vaisnava crya,  பெரியவாச்சான்பிள்ளை, 
and commentator of tivya-p-pirpandam,  பெரியவாச்சான்பிள்ளை, 
purple variegated mountain ebony,  பெரியவாத்தி// செம்மந்தாரை// சிவப்புமந்தாரை, பெருமந்தாரை, 
purple variegated mountail ebony,  பெரியவாத்தி, 
one who talks loudly and boisterously,  பெரியவாய், 
half spur flowered nutmeg,  பெரியவாய், 
saccopetalum fomentasum,  பெரியவாய், 
one who talks loudly an boisterously,  பெரியவாய், 
halfspur,  பெரியவாய், 
flowerednutmeg,  பெரியவாய், 
pit saw,  பெரியவாள்/ குழி - வாள், 
big or wealthy man,  பெரியவீட்டுக்காரன், 
a man of paaiya caste,  பெரியவீட்டுக்காரன், 
big or wealth man,  பெரியவீட்டுக்காரன், 
a man of pariya caste,  பெரியவீட்டுக்காரன், 
god brhadisvara of the tanjore temple,  பெரியவுடையநாயனார், 
god brhadisvara of the tanjore,  பெரியவுடையநாயனார், 
jadayu,  பெரியவுடையார், 
noble aspiration,  பெரியவெண்ணம், 
great conception,  பெரியவெண்ணம், 
high conceit,  பெரியவெண்ணம், 
assumption,  ஊகம்/ கருதுகோள்/ கற்பிதம்/ கற்பனை, துள்ளாட்டம்; நடலம்: மேற்கொள்ளுதல், புனைவு கோள், தற்கோள்/ கருது/ கற்பிதம் எடுகோள், தற்கோள் எடுகோள், பெரியவெண்ணம், 
nobleaspiration,  பெரியவெண்ணம், 
goodfriday,  பெரிய வெள்ளிக்கிழமை, 
theanniversaryofthedayonwhichjesuschristwascrucified,  பெரிய வெள்ளிக்கிழமை, 
adeity,  பெரியாண்டவர் கொண்டாட்டம், 
polygala telephoides,  பெரியாநங்கை, பெரியாணங்கை, 
largemilkwort,  பெரியாநங்கை, 
water lilly,  பெரியாம்பல்/ வல்லிகம், 
saints sags,  பெரியார், 
the great leader of dravidar kazhagam and founder of self-respect one who regects common ideas about religion,  பெரியார், 
a vaisnava saint and hymnist,  விட்டுசித்தர், பெரியாழ்வார், 
a vairdava saint and hymnist,  பெரியாழ்வார், 
brahm,  திருமால்புதல்வன், பெரியோர்பெருமான், 
as lord of sages,  பெரியோர்பெருமான், 
as the great,  பெரியோன், 
go as the great,  பெரியோன், 
proliferation,  பெற்றுப்பெருக்குதல்: மீ உயிரிப் பெருக்கம், பல்கிப்பெருகுதல், பெருக்கம், பெருகல், உயிர்மப் பெருக்கம்;- இனப்பெருக்கம், உயிர்மப் பெருக்கவளர்ச்சி, உயிர்மப்பெருக்க வளர்ச்சி, உயிர்மப்பெருக்கம்: மிகு பெருக்கம், உயிரினப்பெருக்க வளர்ச்சி, 
expansion,  விரிதல்; நீட்சிவிரிவு, பெருக்கம்/ விரித்தல், படர்ச்சி/ விரிவு, பரும விரித்தல், பரப்பு/ விரிவாக்கல்/ கிளை விரிவாக்கம்/ விரிவடைதல்// செறிவு/ விரிவாக்கம்;- இடம்பாடு/ வியல்/ வித்தரம், 
product,  பெருக்கல், பெருக்கற்பயன், உற்பத்திப் பொருள்/ விளைபொருள், பெருக்கம், ஆகதம், பெருக்கற்பலன், பிரயோசனம்/ விளைவாக்கம், உற்பத்திப்பொருள், ஊக்குவித்தல் // சந்தை இடம்/ விளையுள், உருவாக்கு, தயாரிப்பு, ஆக்கின பொருள்/ விளைச்சல்/ விளைவி/ விளைவு, தயாரான பொருள், பெருக்குத் தொகை/ விலை, 
accrescence,  பெருக்கம்/ வளர்ச்சி, 
augmentation,  வளர்ச்சிப் பெருக்கம், பெருக்கம்// சேர்த்தல்: மிகுதிப்படுத்தல், பெருக்குதல், தோற்ற வளர்ச்சி, 
multiplicity,  பன்மை/ வெகுவிதம், பரப்பு: மடங்கெண், பெருக்கம், பன்முகம், 
deluge,  பெருமழை, ஓதம், பெருக்கம், ஊழிப் பெருவெள்ளம், பெருவெள்ளம்// சலப்பிரளயம்/ கடற்கோள், பிரளயம்/ வெள்ளம், 
long continuance,  பெருக்கம், 
as of the tali worn by a married woman,  பெருக்கம், 
multipliciy,  பெருக்கம், 
plentiulness,  பெருக்கம், 
abundancea,  பெருக்கம், 
prosperty opulenec,  பெருக்கம், 
as of the tls worn by a married woman,  பெருக்கம், 
to glean grains scattered on the threshing floor,  பெருக்கம் பண்ணுதல், 
multiplying,  பெருக்கல், ஒற்றைவாய்க்கணக்கு, 
sweeping,  பெருக்கல்/ வீட்டுவேலை/ கூட்டுதல், போக்குவரத்துத்தடை அகற்றல், பெருக்குதல்// சம்மார்ச்சனம், 
improving,  பெருக்கல்: மெதுப்பாடுறுத்தம், திறப்பாடு, 
making prosperous,  பெருக்கல், 
multiplication tables,  பெருக்கல் வாய்பாடு, 
multiplication table,  பெருக்கல் வாய்பாடு/ குழிமாற்று, 
that which is coarse,  பரும்படி, பெருக்கன், 
a kind of leech,  பெருக்காலட்டை/ வரிச்சுருள், 
grandees,  பெருக்காளர், 
noblemen,  பெருக்காளர், 
men of the sudra caste,  பெருக்காளர், 
river in floods,  பெருக்காறு, 
amplifier,  இடையக மிகைப்பி: மிகைப்பி: மின் பெருக்கி, பெருக்கி, திறன் பெருக்கி, 
multiplier,  பெருக்குமெண், பெருக்கி/ குணகம்/ வருவாய் பெருக்கி, ஈட்ட ஈவு, பெருக்கெண்/ கடன் ஈவு;- இலக்கமுறைப் பெருக்கி, 
seme virile,  பெருக்கி, 
flux,  பேதி;- இளக்கி, ஒழுக்கு/ குருதிக்கழிச்சல் இளக்கி, பெருக்கு, பாயம்/ கழிச்சல்: மலம் சீழ்க் கசிவு, 
augment,  சாரியை: மிகுதிப்படுத்து// சேர்/ வளர்ச்சிசெய், பெருக்கு/ வளரச்செய், ஆகமம், ஆக்கம்/ வளர்ச்சி, 
sweep,  மரக்கூனல்/ வீச்சு/ வீச்சறை/ குப்பை நீக்கு/ கூட்டு, பெருக்கு/ கடப்பு/ காலவடி, 
to cause to increase or abound,  பெருக்கு, 
to make greater,  பெருக்கு, 
to cause to swell and overflow,  பெருக்கு, 
to dilute with water,  பெருக்கு, 
as buttermilk,  பெருக்கு, 
to sweep,  தூர்/ விளக்கு// சீய், பெருக்கு, துடை, 
inundation,  ஓதம்/ வெள்ளப்பெருக்கு/ வெள்ளப்பெருக்கெழுச்சிப் பரவல், பிரவாகம், பெருக்கு, பிரளயம்/ வெள்ளம், 
ebb of the tide,  நீர்வற்றம், பெருக்கு; நீரிறக்கம், 
height of the circulation of the blood which is supposed to ebb and flow daily like the tide,  பெருக்கு, 
as of wealth,  தேட்டாண்மை// செயல், பெருக்கு, 
height of the circulation of the blood which is supposed to ebb and flodaily like the tide,  பெருக்கு, 
like the wealth,  பெருக்கு, 
cracked voice,  பெருக்குரல்/ வெள்ளோசை, 
time of the flow of tide,  பெருக்கு வேளை, 
time of the day when the circulatior of the blood is at its height,  பெருக்கு வேளை, 
prosperously,  பெருக, 
large tooth brush tree,  பெருகளர்வா, 
salvadora oleoides,  பெருகளர்வா, 
large tooth brushtree,  பெருகளர்வா, 
a class of primary melody,  பெருகியல், 
types,  பெருகியல்/ வகைகள், 
one of four di-p-perum-pan,  பெருகியல், 
pink,  பழுப்பு;- இளஞ்சிவப்பு;- இளஞ்சிவப்பு நிறம், பெருகிலை/ குருவகம், 
tinted heart leaved glory tree,  பெருகிலை, 
a sub variety of panniyaiam,  பெருகுசாதி, 
a sub-variety of paiyarriram,  பெருகுசாதி, 
largebundle,  பெருங்கட்டு, 
a milcy creeper,  பெருங்கட்டுக்கொடி, 
akindofpaddy,  பெருங்கடப்பு, 
singworm,  பெருங்கடி, 
reproachful language,  பெருங்கடிந்துரை, 
big bazaar street,  பெருங்கடை, 
large glass viper,  பெருங்கண்ணாடி விரியன், 
toils,  பெருங்கண்ணி, 
large amount,  பெருங்கணக்கு, பெருந்தொகை, 
that which is on a large scale,  பெருங்கணக்கு, 
chief astrologer,  பெருங்கணி, 
candelanra,  பெருங்கத்தரிசால், 
the ritual reciting of Vinayaka Puranam in a temple for days,  பெருங்கதை, 
very long story,  பெருங்கதை, 
general report,  பெருங்கதை, 
thing well known,  பெருங்கதை, 
last reading of pillaiyar katai in a temple,  பெருங்கதை, 
a tamil poem by koku vel containing the story of utayanan,  பெருங்கதை, 
being an adoption of bhatkata,  பெருங்கதை, 
general report thing well known,  பெருங்கதை, 
last reading of pillaiyrkadai,  பெருங்கதை, 
a tamil poem by kongu-vl containing the story of udayanan being an adoption of brhatkata,  பெருங்கதை, 
pennistam,  பெருங்கம்பு, 
big mortar,  பெருங்கல்வம், 
lack of peace,  பெருங்கலக்கம், 
disorder dispute,  பெருங்கலகம், 
a large lute having,  பெருங்கலம், 
strings,  நரப்பிசைக்கருவிப்பல்லியக்குழு, பெருங்கலம், 
strips,  பெருங்கலம்; நீண்ட குறுகிய துண்டு, 
a tamil treatise of idalic-sangan not extant,  பெருங்கலித்தொகை, 
a kind paddy,  பெருங்கலையன், 
a kind of poetical composition,  பெருங்கவி, 
a poet skilled in composing vittarakavi,  பெருங்கவி, 
a kind of poetical comr,  பெருங்கவி, 
a poet skill in composing agalappa,  பெருங்கவி, 
bigwart,  பெருங்கழலை, 
white frangipani,  பெருமலரி, பெருங்கள்ளி, பெருமரம், 
plumeria alba,  பெருங்கள்ளி, 
pagoda tree,  குப்பையலரி/ கள்ளிமந்தாரை/ வெளுத்தலரி, ஈழத்தலரி; நாவில்லாவலரி, பெருங்கள்ளி, தங்கலரி, பொன்னலரி, 
str plumeria alba,  பெருங்கள்ளி, 
great pleasure,  பெருங்களிப்பு, உவவு, 
large bengal currant,  களா, அவிக்கனம், பெருங்களா, 
one of elu-nirayam,  பெருங்களிற்றுவட்டம், 
curry specially prepared for supplying a large number of people,  பெருங்கறி, 
queen ant found in every nest of termites,  பெருங்கறையான், 
a treatise on prosody by peru-nkkkai-p-pi-niyr,  பெருங்காக்கை பாடினியம், 
theme describing the teaching of the wise men about the transitoriness of life,  பெருங்காஞ்சி, 
theme describing the exhibition by warriors of their prowess on the field of battle,  பெருங்காஞ்சி, 
extensive jungle,  பெருங்காடு, 
a kind of pepper,  கொம்புமிளகு, பெருங்காந்தாரி, 
epic,  இதிகாசம், பெருங்காப்பியம்/ கதை/ காப்பியம், தொன்மம்/ காவியம்/ கதைக்கரு, 
epic poem dealing with the story of a peerless hero,  பெருங்காப்பியம், 
explaining the four purusarttam and describing the excellences of the country,  பெருங்காப்பியம், 
explaining the four purusrttam and describing the excellencess of the country,  பெருங்காப்பியம், 
asafetida,  ஆசனி;- இந்துளி/ வல்லீகம், அகுடகந்தம், உரும்பரம்;- இங்கு, உற்பலசாசனன்;- இராடம், பெருங்காயம்;- இங்கம், அதிசனசி, உருபட்சா, 
asafoetida used in cookery as a seasoning,  பெருங்காயம், 
ferula,  பெருங்காயம், 
commercial resinous product of ferula,  பெருங்காயம், 
asatoelida,  பெருங்காயம், 
common ovate leaved tree bilberry,  பெருங்காயா, 
edule memecylon,  பெருங்காயா, 
oblong cor date leaved tree bilberry,  பெருங்காயா, 
memecylon malabaricum,  பெருங்காயா/ காயா, 
common ovate-leaved tree bilberry,  பெருங்காயா, 
edeule memeeylon,  பெருங்காயா, 
oblong cordate-leaved tree bilberry,  வச்சி, பெருங்காயா, 
a kind o gram,  பெருங்காராமணி, 
grey emetic nut,  பெருங்காரை, 
randia uliginosa,  பெருங்காரை, 
a large species of karai fish,  பெருங்காரை, 
grey emeticnus str,  பெருங்காரை, 
randia ulignosa,  பெருங்காரை, 
large species of krai fish,  பெருங்காரை, 
major channel,  பெருங்கால், 
land left waste for more than fifteen years,  பெருங்காற்றரிசு, 
storm,  புயல், பெருவளி, பெரும்புயல், புயல்மழை/ குழப்பம்/ கடல்பக்கி/ கோராவாரி, பெருங்காற்று, புயல்சின்னம், புயற்காற்று// சூறைவளி, 
a large species of sola pith,  பெருங்கிடை, 
continued illness,  பெருங்கிடை, 
affection of the mesenteric gland,  பெருங்கிரந்தி, 
mesenteritis,  நண்குடலழற்சி, பெருங்கிரந்தி, 
affection of the mesenteric gland mesenterit glands,  பெருங்கிரந்தி, 
major village,  பெருங்கிராமம், 
having families,  பெருங்கிராமம், 
a parastic mematoid worm,  பெருங்கிருமி, 
a parastic mematoid-worm ascaris lumbricoides,  பெருங்கிருமி, 
bigtipcat,  பெருங்கில்லி, 
entire or sole right,  பெருங்கிழமை, 
absolute title,  பெருங்கிழமை; நிலைப்பட்டம்: முழு உரிமை ஆவணம்: முழுமையான உரிமைமூலம், 
close friendship or intimacy,  பெருங்கிழமை, 
entire or sole right absolute title,  பெருங்கிழமை, 
caesio chrysozona,  பெருங்கிளிச்சல், உங்குணி, 
wide circle of relations,  பெருங்கிளை, 
a subdivision of the pallar caste,  பெருங்கிளையார், 
intestine,  சிறுகுடல், பெருங்குடல்/ கரள்/ குடல்/ குடற்பகுதி/ குடல் போது, 
large intestine,  பெருங்குடல், பேகுல், 
intestine large,  பெருங்குடல், 
noble family,  உயர்குடி/ விழுத்திணை, பெருங்குடி, 
noble tamily,  பெருங்குடி, 
village headship,  பெருங்குடியாட்டம், 
village headsh,  பெருங்குடியாட்டம், 
an ancient caste of merchants,  பெருங்குடிவாணிகர், 
conferred on potters,  பெருங்குயம், 
great tone,  பெருங்குரல், 
a fabulous bird,  ஊர்த்துவநயனம், பல்வலிப்பறவை, பெருங்குருகு, யானையுண்குருகு, 
a treatise on music of the first sagam,  பெருங்குருகு, 
a treatise on i music of the talai-c-cangam,  பெருங்குருகு, 
stemless plant,  வெகுபரணி/ கோதாணி, பெருங்குரும்பை, 
sanseviera zeylanica,  பெருங்குரும்பை, 
costum,  பெருங்குரும்பை, 
seriess plant,  பெருங்குரும்பை, 
large heap,  பெருங்குவியல், 
buzzing confusion,  பெருங்குழப்பம், 
a kind of wasp,  பெருங்குளவி/ கடந்தை, 
felony,  கொடுங்குற்றம், பெருங்குற்றம்/ கடுங்குற்றம்/ குற்றச்செயல், 
serious crime,  பெருங்குற்றம், 
mussel shell creeper,  கருங்காக்கணம்/ விளை/ கருடக்கொவ்வை/ குறட்டை/ கருவிளம்/ கருவிளை, பெருங்குறட்டை/ விரானு, 
noisy snoring,  பெருங்குறட்டை, 
mussel-shell eper,  பெருங்குறட்டை, 
indian thwort,  பெருங்குறட்டை, 
alligator wrench,  பெருங்குறடு, 
large block of wood,  பெருங்குறடு, 
used as a support in hewing wood,  பெருங்குறடு, 
ed as a support in hewing wood,  பெருங்குறடு, 
ophiocephalus gacha,  பெருங்குறவை, 
liscognatlins lamta,  பெருங்குறவை, 
murrerl a fresh-water fish qreenish,  பெருங்குறவை, 
the great assembly of a village,  பெருங்குறிச்சபை, 
a species of scammony swallowwort,  சரச்சிறு, பெருங்குறிஞ்சி, 
secamone emetica,  கோண்டம், பெருங்குறிஞ்சா, பெருங்குறிஞ்சி, 
strobilanthes consanguineus typica,  பெருங்குறிஞ்சா, பெருங்குறிஞ்சி, 
a species of scammony swallowwart,  பெருங்குறிஞ்சி, 
a specie of conehead msh,  பெருங்குறிஞ்சி, 
strobilanthe consangwineus typica,  பெருங்குறிஞ்சி, 
the great assembly of a village or town,  பெருங்குறியவை, 
bigdraw back,  பெருங்குறைபாடு, 
the author of the ninth decade of patirru-p-pattu,  பெருங்குன்றூர் கிழார், 
common all of some political party,  பெருங்கூட்டணி, 
mass metting,  பெருங்கூட்டம், 
good friend,  பெருங்கூட்டாளி, 
as having a long trunk,  நெடுங்கை, பெருங்கை, 
elechant,  பெருங்கை, 
wealthily person,  பெருங்கைக்காரன், 
mean fellow,  போக்கன், பையல்; நுளையன், பெருங்கொச்சை, 
large paperkite,  பெருங்கொடி, 
large paper kite,  பெருங்கொடி, 
largess,  மீமிகை மகிழ்ச்சி, பெருங்கொடை/ வள்ளீகை, 
endow with gift,  பெருங்கொடை, 
jumbrella,  பெருங்கொடை, 
upupa epops,  எழுத்தாணிக்குருவி, உப்பொபான்// சாவல்குருவி/ கொண்டவாத்து/ கொண்டஞ்சிசாவடி, பெருங்கொண்டலாத்தி, பூலப்பொக்கி/ கொண்டிக்கிளாரன், புழுக்கொத்தி, 
a sect of vaisnava brahmans in the south,  பெருங்கொண்டையார், 
as from penukonda,  பெருங்கொண்டையார், 
a sect of vaisnava brahmins in the south,  பெருங்கொண்டையார், 
as from pukoda,  பெருங்கொண்டையார், 
rough file,  பெருங்கொத்தரம்: முருட்டரம், 
wood rasp,  பெருங்கொத்தரம், 
a kind of cucumber,  தித்தபரி, பெருங்கொம்மட்டி;- இருவாரு, 
big pucker,  பெருந்திரைப்பு, பெருங்கொய்சகம், 
a species of unarmed brasiletto,  பெருங்கொன்றை;- இயல்வாகை, 
peltophorum ferrugineum,  பெருங்கொன்றை, 
creamy peacock flower,  பெருங்கொன்றை, 
a kind of large owl,  பெருங்கோட்டான், 
violent anger,  உருத்திரம்/ கடுஞ்சீற்றம், பொங்கல்/ விளம்/ வெம்பு// சீறுசீறெனல்/ கடுங்கோபம், பெருங்கோபம், 
nardostachys jatamansi,  சடைமிஞ்சி சடைமாஞ்சில்// சடாமாஞ்சி, பெருங்கோரை, 
a kind of sedge used for matting,  பெருங்கோரை, 
a small climber along the banks of tidal creeks and rivers,  பெருங்கோழியவரை, 
big slobber,  பெருங்கோழை, 
major planet,  பெருங்கோள், 
big planet,  பெருங்கோள், 
author of malaipadu-kiadm,  பெருங்கெளசிகனார்., 
one of pattu-p-pttu,  பெருங்கெளசிகனார்., 
large rat,  பெருச்சாளி, 
bandicota malabarica,  பெருச்சாளி, 
as a large rat,  பெருச்சாளி, 
bandicoot bandicota mala barica,  பெருச்சாளி, 
big conch,  பெருஞ்சங்கு, 
big contention,  பருஞ்சச்சரவு, 
big omen,  பருஞ்சகுனம், 
goods sold in large quantities,  பெருஞ்சரக்கு, 
as cotton seeds,  பெருஞ்சரக்கு, 
as cotton seeds areca-nuts etc,  பெருஞ்சரக்கு, 
nuisance,  தனித் தொல்லை// சடுதை, பெருஞ்சள்ளை;- இடைஞ்சல், அக்கிரமம், உபாதை, பொதுத் தொல்லை;- இடையூறு, உபத்திரவம், தொல்லைசள்ளை, தொல்லை, 
large sized dart or lance,  பெருஞ்சவளம், 
dist fr ciu cavalam,  பெருஞ்சவளம், 
large-sized dart or lance,  பெருஞ்சவளம், 
dist fr cirucavalam,  பெருஞ்சவளம், 
big-window,  பெருஞ்சன்னல், 
big-whip,  பெருஞ்சாட்டை, 
mahabhisekam at the end of the chief festival in a temple,  பெருஞ்சாந்தி, 
mahabhi skam at the end of the chief festival in a temple,  பெருஞ்சாந்தி, 
a period of three hours,  பெருஞ்சாமம், 
chowry,  கோலிக்கற்றை// சமரம்// சவரம்// சாமரம்// சவரி, பெருஞ்சாமரை/ குஞ்சம், 
broad way,  பெருஞ்சாலை, 
trunk line,  பெருஞ்சாலை, 
broadway,  அகலச்சாலை, பெருஞ்சாலை, அகல்வீதி, 
death in old age,  பெருஞ்சாவு, 
exlogitation,  பெருஞ்சிந்தனை, 
scalries itch,  பெருஞ்சிரங்கு, 
panther,  சித்திரம்// சிறுத்தை, பெருஞ்சிவிங்கி, புலி// சிறுத்தைப்புலி, 
high honours,  பெருஞ்சிறப்பு, 
grand festive occasion,  பெருஞ்சிறப்பு, 
a species of birch leaved acalypha,  பெருஞ்சின்னி, 
a species of birth-leaved acalypha,  பெருஞ்சின்னி, 
fennel,  சோம்பு, பெருஞ்சீரகம், 
chinese anise,  பெருஞ்சீரகம்/ கண்டில்வெண்ணெய், யானைச் சீரகம்/ கத்தரிநாயகம், உலுவா, யானைச்சீரகம், தருணம், உலுவாவரிசி, 
illicium anisatum,  பெருஞ்சீரகம், 
chinese anise plant with aromatic seeds,  பெருஞ்சீரகம், 
long wall,  பெருஞ்சுவர், 
do fraud,  பெருஞ்சூழ்ச்சி, 
violent storm,  பெரும்புயல், பெருஞ்சூறாவளி/ கோராவாரி// செஞ்சாமாருதம், 
pishogue,  பெருஞ்சூனியம், பெருவசியம், 
big oil-press,  பெருஞ்செக்கு, 
the th nak-satra,  பெருஞ்செக்கு, 
great deed,  பெருஞ்செய், 
great dead,  பெருஞ்செய், 
a man of great deeds,  பெருஞ்செய்யாளன், 
a planet,  பெருஞ்செருப்படி, 
croton plicatum,  பெருஞ்செருப்படி, 
a plant croton plicatum,  பெருஞ்செருப்படி, 
a cera king,  கடுமான்கோதை, பெருஞ்சேரலிரும்பொறை, யானைக்கட்சேய்மாந்தரஞ்சேரலிரும் பொறை// சேரமான் மாரிவெண்கோ, 
the hero of the eighth decad of patiu p pattu,  பெருஞ்சேரலிரும்பொறை, 
a cra king,  பெருஞ்சேரலிரும்பொறை/ கோப்பெருஞ்சேரல் இரும்பொறை, 
the hero of the eighth decad of padisru-pattu,  பெருஞ்சேரலிரும்பொறை, 
large army,  பெருஞ்சேனை, பெரும்படை, 
word known to many,  பெருஞ்சொல், 
a virulent form of leprosy,  பெருஞ்சொறிக்குட்டம், 
act of searching,  பெருஞ்சோதனை, பெருந்தேட்டம், 
bigcowry,  பெருஞ்சோழி, 
theme of a king giving feast to his soldiers on the eve of battle,  பெருஞ்சோற்றுநிலை, 
sumptuous feast given by a king to the generals of his army,  பெருஞ்சோறு, 
physalis peruviana,  பெருந்தக்காளி; நாட்டுத்தக்காளி, 
indian winter-cherry,  தக்காளி, பெருந்தக்காளி, 
psysalis perulana,  பெருந்தக்காளி, 
leucaena glanca,  பெருந்தகரை, 
west indian bead tree str,  பெருந்தகரை, 
multifaced oil lamp,  பெருந்தகளி, 
multifaced oil-lamp,  பெருந்தகளி, 
dignitary,  பெருந்தகை/ கண்ணியர்// சான்றோர், உயர்பதவியாளர்: மதிப்புமிக்க அதிகாரி, பெரியோர், 
person he,  பெருந்தகை, 
noble minded person,  நிறைந்தமாந்தன், பெருந்தகை; நிறைந்தமனிதன், 
noble-minded person,  பெருந்தகை, 
influenza,  பெருந்தடிமல்; நச்சுயிரிக் காய்ச்சல், தொற்றுக் காய்ச்சல், தடுமன் காய்ச்சல்/ கொள்ளைக்காய்ச்சல்// சளிச்சுரம், ஃபுளுகாய்ச்சல்  ஃபுளுகாய்ச்சல்// சளிக்காய்ச்சல், 
a high office,  பெருந்தரம், 
liberal mindedness,  பெருந்தரம், 
liberal mindednes,  பெருந்தரம், 
macrocephaly,  பெருந்தலை, பெருந்தலையூறு, 
large headed white ant,  பெருந்தலைக்கறையான், 
large-headed white ant,  பெருந்தலைக்கறையான், 
sperm whale,  நெய்த்தலைத் திமிங்கிலம்// செம்மீன், பெருந்தலைத்திமிங்கிலம், 
euphysetes macrocephalus,  பெருந்தலைத்திமிங்கிலம், 
as having a huge head,  பெருந்தலைத்திமிங்கிலம், 
gross error,  பெருந்தவறு, 
blunder,  தொகைப்பிசகு, பரிவிரட்டம், பெரும் பிழை, தவறுதல், ஏகதேசம், தவறு, பெரும்பிழை, பெருந்தவறு, 
gross-offence,  பெருந்தவறு, 
gracious,  உயர்ந்த, அருளுடைய/ கண்வை/ கண்ணோடு, பெருந்தன்மை, 
generosit,  பெரும்போக்கு, தயாளம், தாராளம், பெருந்தன்மை, 
high dignity,  பெருந்தன்மை, 
noble character,  பெருமைப்பண்பு, பேரியல், பெருந்தன்மை, 
selfconcet,  பெருந்தன்மை, 
god-hood,  பெருந்தன்மை, 
an office of the state under cla government,  பெருந்தனம், 
an office of the state under cola government,  பெருந்தனம், 
goose barheaded,  பெருந்தாரா/ கூஸ்வாத்து, பட்டைத் தலை நீர் வாத்து/ வாத்து, 
auser auser,  பெருந்தாரா, 
giant mexican lily,  சீமைக்கற்றாழை, பெருந்தாழை, 
a large climber,  பெருந்தாளி, 
convolvulus maximus,  பெருந்தாளி, தாளி, 
parts of the body,  பெருந்தானம், 
from which speech proceeds,  பெருந்தானம், 
necu,  பெருந்தானம், 
mitau,  பெருந்தானம், 
nakku,  பெருந்தானம், 
mukku,  பெருந்தானம், பொறி, பஞ்சேந்திரியம், 
annakku,  பெருந்தானம், 
utatu,  பெருந்தானம், 
pal talai,  பெருந்தானம், 
from which speech proceds,  பெருந்தானம், 
eight in humber,  பெருந்தானம், 
neju,  பெருந்தானம், 
midaru,  பெருந்தானம், 
nkku,  பெருந்தானம், 
mkku akku,  பெருந்தானம், 
udadu-pal,  பெருந்தானம், 
a mythical range of mountains beyond the mountain cakkaravalam,  பெருந்திகிரி, 
a mythical range of mountain cakkaravlam,  பெருந்திகிரி, 
any of the four cardinal points,  பெருந்திசை, 
a direction in which the land area is extensive,  பெருந்திசை, 
master plan,  முழுமைத் திட்டம், உயர் பெருந்திட்டம்// சிறந்த திட்டம்: மூலத்திட்டம், அடிப்படைத்திட்டம், பெருந்திட்டம், 
masterplan,  பெருந்திட்டம்// சிறப்புத்திட்டம், 
great plan,  பெருந்திட்டம், 
improper love,  பெருந்திணை/ வழுவுடைக்காமம், 
as when it is in violation of customary rules or when the woman is older than the man or is of a different caste or does not consent,  பெருந்திணை/ வழுவுடைக்காமம், 
one of serven aga-ttinai qw,  பெருந்திணை, 
major assembly,  தலைமை ஒன்றகம், பெருந்திரட்டு, 
the larger religious anthology compiled by tattuvarayar,  பெருந்திரட்டு, 
dist fr kuu n tirattu,  பெருந்திரட்டு, 
the larger religious anthology compiled by tattuvaryar,  பெருந்திரட்டு, 
kurru-n-tirllu,  பெருந்திரட்டு, 
mollugo spergula,  பெருந்திராய், திராய், 
mouugo spergula,  பெருந்திராய், 
reddish brown,  திருக்கை// செம்பறாம்பண்ணி, பெருந்திருக்கை, புள்ளிக்கலவாய், 
attaining ft across and ft in length,  பெருந்திருக்கை, 
great steal,  பெருந்திருட்டு, 
food offered to god in a large scale,  பெருந்திருவமிழ்து, 
wealthy lady,  பெருந்திருவி, திருவி, 
a kind of tillai tree,  பெருந்தில்லை, 
first annual ceremony of a deceased person,  பெருந்திவசம், 
first annual ceremony of a decessed person,  பெருந்திவசம், 
great expert,  பெருந்திறனாளர், 
big pocker,  பெருந்தீக்கோல், 
great knell,  பெருந்தீக்குறி, 
portable light,  பெருந்தீவட்டி, 
the seven continents,  பெருந்தீவு, 
sadness,  தவங்கம், பொங்காரம்/ வருத்தம், துயரம், பெருந்துக்கம்// சோகம்/ குற, பெருவருத்தம்/ கோட்டரவு, புன்கண்; நொவ்வல், 
common evening mallow,  பெருந்துத்தி; நல்லதுத்தி, 
abutilon indicum,  பெருந்துத்தி/ வெண்துத்தி, பால்துத்தி, 
wrinkled leaved evening mallow,  துத்தி, பெருந்துத்தி, 
abutilon asiaticum,  துத்தி, பெருந்துத்தி, 
common evening mallow msh,  பெருந்துத்தி, 
mish,  பெருந்துத்தி, 
abutilon cesiaticum,  பெருந்துத்தி, 
large species of white dead nettle,  ஆனைத்தும்பை, பெருந்தும்பை, ஒடுவடக்கி, 
leucas cephalotes,  பெருந்தும்பை, 
large species of white deadnettle,  ஆனைத்தும்பை, பெருந்தும்பை, ஒடுவடக்கி, 
leucas aphalotes,  பெருந்தும்பை, 
a kind of syringe,  சிவிறி, பெருந்துருத்தி; நளிகை; நீரெக்கி, 
large basil,  வெண்டுளசி, பெருந்துளசி, பெருந்துழாய், ஏகபத்திரிகை, 
ocimum gratissimum,  வெண்டுளசி, பெருந்துளசி, 
arge basi,  பெருந்துளசி, 
large seaport,  பெருந்துறை, 
avutaiyar kyil,  பெருந்துறை, 
avudaiyarkoil,  பெருந்துறை, 
deep distress,  பெருந்துன்பம், 
large bush,  பெருந்தூறு, 
underwood,  பற்றை, தூறு: மரத்தடித் தாவரங்கள், புதர்க்காடு, உள்கட்டை, பெருந்தூறு/ குறுங்காடு, 
main street,  நெடுந்தெரு, பெருந்தெரு/ வியநெறி, 
teak wood,  பெருந்தேக்கு/ குமிதம், தேக்குக்கட்டை, 
a large species of indian turnsole,  பெருந்தேட்கொடுக்கு, 
tiamdium,  பெருந்தேட்கொடுக்கு, 
a kind of song in praise of gods,  பெருந்தேவபாணி, 
opp to ciu teva pani,  பெருந்தேவபாணி, 
a poem in praise of siva in patinoran tirumuai by nakkira tevar,  பெருந்தேவபாணி, 
to cirudva bi,  பெருந்தேவபாணி, 
a poem in praise of siva in padinorn-tirumurai by nakkera-dvar,  பெருந்தேவபாணி, 
the supreme deity,  பெருந்தேவன், 
author of tamil bharatam,  பெருந்தேவனார், 
the author of parata venpa,  பெருந்தேவனார், 
the author of the commentary on vira cliyam,  பெருந்தேவனார், 
author of tamil bhradam,  பெருந்தேவனார், 
the author of prada-venb c,  பெருந்தேவனார், 
the author of the commentary on vira-sliyam,  பெருந்தேவனார், 
chie queen,  பெருந்தேவி, 
honey secreted by bees,  பெருந்தேன், 
large sized honey bee,  பெருந்தேனீ, 
compound or complex,  பெருந்தொடர், 
thick part of the thigh,  பெருந்தொடை, 
upper part of thi thighthick part of the thigh,  பெருந்தொடை, 
top-hat,  பெருந்தொப்பி, 
great nuisance,  பெருந்தொல்லை// சதசல்லியம், 
mass prayer,  பெருந்தொழுகை, 
heavy fall,  பெருந்தோல்வி, 
metropolitan city,  பெருநகர், 
metro politan city,  பெருநகர், 
broad laugh,  பெருநகை, 
being highly ridiculous,  பெருநகை, 
broad laugh laughter ridialous,  பெருநகை, 
being highly ridicuilous,  பெருநகை, 
side-splitting adj,  பெருநகை, 
fast walk,  பெருநடை/ கடுநடை, 
as of bullocks,  பெருநடை, 
a mode of dancing,  தேசி, பெருநடை// சிங்கி/ வீங்கை, ஆகாசமண்டலம்// சாரியை, அங்ககாரம்// சவுதம், ஆகாயமண்டிலம், 
excellent conduct,  பெருநடை, 
fast walk as of bullocks,  பெருநடை, 
title of a royal prince,  பெருநம்பி, 
title of a minister to whom royal honours are shown,  பெருநம்பி, 
penegyrists,  பெருநம்பிகள், 
poison lily,  கனவுமூலி, ஆமல், பெருநரிவெங்காயம்; நரி வெண்காயம், 
crinum asiaticum,  பெருநரிவெங்காயம்; நரி வெண்காயம், 
ssh crinum asiaticum,  பெருநரிவெங்காயம், 
wolly heart vine,  பருநறளை; நறளை, 
cordia obliquatypica,  பெருநறுவிலி, 
a kind of felted leaved sebesten,  பெருநறுவிலி, 
cordia fulvosa,  பெருநறுவிலி, 
cordia oblifua pypica,  பெருநறுவிலி, 
a kind of felted leaved selerge sebesten,  பெருநறுவிலி, 
str cordia fulvasa,  பெருநறுவிலி, 
dog bamboo,  பெருநாணல்; நாய்மூங்கில், 
phragmites roxburghii,  பெருநாணல், 
dog bambooish,  பெருநாணல், 
phragmites rox burghi,  பெருநாணல், 
altheist,  பெருநாத்திகர், 
adjutant lesser,  போதா/ வயல் நாயக்கன்: மேவா கொக்கு, போதா சிறிய, பெருநாரை// சிறிய மீலா கொக்கு, போதா பெரிய, 
leptoptitos javanious,  போதா/ வயல் நாயக்கன்: மேவா கொக்கு, பெருநாரை// சிறிய மீலா கொக்கு, 
grus antigone,  போதா// சாரஸ் கொக்கு// சாரஸ் நாரை, பெருநாரை, புட்கரம், 
a treatise on music,  பேரிசை, பெருநாரை/ வரி, பஞ்சபாரதியம், 
east indian rose apple,  பெருநாவல், 
festive occasion,  நன்னாள்/ விழா, பெருநாள், 
day of breaking the fast and enjoyment of the feast of id ul fitr,  பெருநாள், 
muham long period of time,  பெருநாள், 
the naksatra,  பகவதிநாள், புல், பெருநாள்; நாவிதன், 
day of breaking the fast and enjoyment of the feast of idul fitr,  பெருநாள், 
long period of time,  மகாகாலம், பாணி, பெருநாள், 
a destructive mechanism,  பெருநாளிகம், 
resembling a gun,  பெருநாளிகம், 
destructive mechanisam,  பெருநாளிகம், 
great durbar of a king,  பெருநாளிருக்கை, 
as of a village or block of land,  பெருநான்கெல்லை, 
opp to ciu nankellai,  பெருநான்கெல்லை, 
bowndary,  பெருநான்கெல்லை, 
as of a village or block of land opp to ciru-ngellai,  பெருநான்கெல்லை, 
great insult,  பெருநிந்தை, 
gatherng,  பெருநிரவி, 
continent,  பெருநிலம்/ கண், பெருநிலப்பகுதி, பூகண்டம், பெருநிலப்பரப்பு/ வளாகம்/ கண்டம், 
highest heaven,  பெருநிலம், 
macroscopic,  காணத்தக்க வெறுங்கண்ணாற் காணத்தக்க, புலனாகு, பேரளவான, பேருரு, பெருநிலை/ கட்புலனாகும்/ கட்புலனுக்குத் தெளிவான/ கட்புலனாகு அளவில், பார்வைக்குத் தெளிவான, பரு, பேரளவு, பேரியல், பேரளவுடைய, 
testimony,  நற்சாட்சி, பிரமாணம்// சான்று// சான்றுறுதி/ கரி, பெருநிலை// சான்றுரை// சாட்சியம், 
ocean sea,  பெருநீர், 
water allowed to flow without any restraint or regulation during the rainy season,  பெருநீர்முறை, 
large book,  பெருநூல், 
a stout stemmed herb with spiny fruits and slimy leaves,  பெருநெருஞ்சி, 
a stout-stemmed herb with spiny fruits and slimy leaves,  வனசிருங்காடம், யானைவணங்கி, பெருநெருஞ்சி/ வீரமத்தாளி, 
coarse paddy,  பெருநெல், 
longer in growing than other kinds,  பெருநெல், 
carse paddy,  பெருநெல், 
royal road,  ராசபாட்டை, பெருநெறி// செல்வழி, 
trunk road,  பெருவழி, பெரு வழி, பெருநெறி, தடிவழி, 
the path of salvation,  அகதி, பெருநெறி, 
abstinence from good,  பெருநோன்பு, 
being stout,  பெருப்பு, 
becomming large,  பெருப்பு, 
compound medicine of the roots of five trees,  பெரும்பஞ்சமூலம், 
vilvam,  பஞ்சவில்வம், பெரும்பஞ்சமூலம், பாதிரிக்கூட்டம், தசமூலம், பஞ்சபல்லவம், 
vakai,  பெரும்பஞ்சமூலம், தசமூலம், புறத்திணை, 
perukumil,  பெரும்பஞ்சமூலம், 
talutalai,  பெரும்பஞ்சமூலம், 
vgai,  பெரும்பஞ்சமூலம், புறத்திணை, 
peru-kumil,  பெரும்பஞ்சமூலம், 
talutai,  பெரும்பஞ்சமூலம், 
pdiri,  பெரும்பஞ்சமூலம், பாதிரிக்கூட்டம், 
rough calculation,  பருமட்டம், பெரும்படி/ கணிசம், பருவட்டம், 
liberal scale,  பெரும்படி, 
arrongance,  பெரும்படி, 
theme describing the exploits of a hero and inscribing them on a natu kal,  பெரும்படை, 
theme describing the gift of valuable offerings to a natu kal,  பெரும்படை, 
group of sixteen main melody types,  பெரும்பண், 
palai yal,  பெரும்பண், 
centu,  பெரும்பண், 
mantali yal,  பெரும்பண், 
pauri,  பெரும்பண், 
maruta yal,  பெரும்பண், 
teva tali,  பெரும்பண், 
nirupatuka rakam,  பெரும்பண், 
naka rakam,  பெரும்பண், 
kuici yal,  பெரும்பண், 
acari,  பெரும்பண், 
caya velarkolli,  பெரும்பண், 
kinna rakam,  பெரும்பண், 
cev vali,  பெரும்பண், 
maucali,  பெரும்பண், 
cirakam,  பெரும்பண், பஞ்சாக்கினி, 
group of sixteen main melogy-types viz plaiyl,  பெரும்பண், 
sendu,  பெரும்பண், 
mandaliyl,  பெரும்பண், 
panri,  பெரும்பண்/ கொடுந்தமிழ்நாடு, 
maruday dvatlinirupaturiga rgam,  பெரும்பண், 
nagaragam,  பெரும்பண், 
kurifijiyal,  பெரும்பண், 
alari,  பெரும்பண், 
sayavlar,  பெரும்பண், 
kolli,  பெரும்பண், 
kiargam,  பெரும்பண், 
sewwali,  பெரும்பண், 
manrli irgam,  பெரும்பண், 
sandi,  பெரும்பண், 
land the proprietary right of which lies in the hands of the government,  பெரும்பத்து, 
chowlee bean,  இதை, யாவகம்/ கண்டம்பயறு, பெரும்பயறு, தட்டைப் பயறு, 
m c,  பெரும்பயறு, 
vigna catjang,  சிறுமணிப்பயறு, பெரும்பயறு, 
chowlee-bean,  யாவகம், பெரும்பயறு, 
negligence,  ஆலசியம், பெரும்பராக்கு/ கண்மூடித்தனம்: முழுக் கவனமின்மை// சொத்தி/ கவனக் குறைவு/ கவனமின்மை; நறுமா, பமாதம்/ கருத்தின்மை/ கவனக்குறைவு/ குதனைக்கேடு, புறக்கணிப்பு, அக்கறையின்மை;- இகழ்ச்சி/ வழவழப்பு, அசட்டை// சோர்வு/ கருதாப் பிழை;- இவறன்மை, 
supineness,  பெரும்பராக்கு, 
carelessness negligence,  பெரும்பராக்கு, 
land unfit for ploughing owing to its being exceedingly moist,  பெரும்பருவம், 
land unfit for ploughing owing to its being exceedingly moistin,  பெரும்பருவம், 
the author of tiru v alavayutaiyar tiru vilaiyata puranam,  பெரும்பற்றப்புலியூர்நம்பி, 
the author of tiruv lavyu dalyar-tiruvilai yadar tomam,  பெரும்பற்றப்புலியூர்நம்பி, 
thick attachment,  பெரும்பற்று, 
a sub sect of paaiyas,  பெரும்பறையன், 
a sub sect of paraiyas,  பெரும்பறையன், 
a virulent kind of small pox with large pustules,  பெரும்பனையன், 
a virulent kind of small-pox with large pustules,  பெரும்பனையன், 
chief watchman,  பெரும்பாடி காவல், 
ascites,  வயிறுவீக்கம், அகட்டுநீர்க்கோவை நீர்ப் பெருவயிறு; நீராம்பற்கட்டி, அபயாரிட்டம், பெருவயிறு, பாண்டு/ வயிற்றுப்பகுதிகளில் நீர்சேர்ந்து வீக்கம் ஏற்படல்/ வாயிலப்பு/ வயிற்றுநீர்க்கோர்வை; நீர்க்கோப்பு, பாண்டம், பெரும்பாடு, 
strain,  மிகுமுயற்சி;- இனக்கீற்று/ வடிகட்டு/ வருத்தம்/ கடும் முயற்சிசெய், திரை, பெரும்பாடு/ கிளை, அபிசாதம்/ வேறுபட்ட தனியினம்;- இனவழி, பொறுக்கு வித்து/ கயக்கம்/ வடித்தல்; நலிவு/ கடுமுயற்சிசெய்/ விகளம்;- இசிப்பு/ வம்சம்; நலிசோர்வு, திரிபு/ கடுமுயற்சி செய், அழுத்தல், தகவிழுவை/ கலப்பினம், திரிபு தகவுத்திரிபு// சோர்வு, 
excessive menstruation,  உதிரப்பாடு, துவாலை, அசிர்க்கதரம், பெரும்பாடு, 
menor rhagia,  பெரும்பாடு, 
profuse bleeding from the womb,  பெரும்பாடு, 
great effort great suffering strain,  பெரும்பாடு, 
excessice menstruation menorrhagia,  பெரும்பாடு, 
a division of panar caste,  பெரும்பாணர், 
a division of pnar caste,  பெரும்பாணர், 
a poem in praise of tontaiman ilantiraiyan by katiyalur uruttira kannanar included in pattu p pattu,  பெரும்பாணாற்றுப்படை, 
a poem in praise of tondaimn-ilantiraiyan,  பெரும்பாணாற்றுப்படை, 
by kadiyalur uruttirangannanar,  பெரும்பாணாற்றுப்படை, 
included in pattu-p-pttu,  பெரும்பாணாற்றுப்படை, 
large snake,  பெரும்பாம்பு, 
the majority,  பெரும்பாலார், 
the majorty,  பெரும்பாலார், 
for the most part,  பெரும்பாலும், பகுசா/ வெகுசாய், 
customarily,  பெரும்பாலும், 
a major melody type,  பெரும்பாலை, 
sad dog,  பெரும்பாவி, 
barren tract,  பெரும்பாழ், 
complete ruin,  பெரும்பாழ், 
barrentract,  பெரும்பாழ், 
a mystic centre in the human body,  பெரும்பாழ்வெளி, 
a plantaster acantha,  பெரும்பாற்சொற்றி, 
the major,  பெரும்பான்மை, 
for the most part usually,  பெரும்பான்மை, 
rice water,  கஞ்சி, ஆறுமாதக்காடி, பெரும்பானை மோர், புழுதண்ணி, 
exaction,  பெரும்பிடி, 
jews mallow msh,  பெரும்பிண்ணாக்குக் கீரை, 
corchorus olitorious,  பெரும்பிண்ணாக்குக் கீரை, 
a large kind of square stalked vine,  பெரும்பிரண்டை, 
leafless vanilla,  பெரும்பிரண்டை, 
vanilla wightiana,  பெரும் பிரண்டை, பெரும்பிரண்டை, 
a large kind of square stalked wine,  பெரும்பிரண்டை, 
leafless vanilla mc vanilla wightiana,  பெரும்பிரண்டை, 
as a great change,  பெரும்பிறிது, 
a kind of sponge gourd,  கருக்குப்பீர்க்கு, பெரும்பீர்க்கு, 
a kind of sponge-gourd,  பெரும்பீர்க்கு, 
high praise,  பெரும்புகழ், 
big bushy plant,  பெரும்புதர், 
hurricane,  கடுவல்/ கடும்புயல், புயல், பெருவளி, பெரும்புயல்// சுழற்காற்று// சூறாவளிக் காற்று/ குழப்பம்// சண்டமாருதம்// சூறாவளி/ கடுஞ்சூறாவளி// சூறைக்காற்று, 
early hours of the morning,  விடிவோரை/ கீழைநாள், பெரும்புலர்காலை, 
large fish,  பெரும்புலால், 
felis tigris,  பெரும்புலி/ வேங்கை, 
loose soil,  தளர் மண், பெரும்புழுதி, 
bubo bengalensis,  கூகை, பெரும்புள்/ குடிஞை, 
rock-horned owl bubo bengaleusis,  பெரும்புள், 
feudal superior lord,  பெரும்புள்ளி, 
outermost circumambient ocean beyond cakkaravlam,  பெரும்புறக்கடல், 
outermost space,  பெரும்புறம், 
the annual agricultural produce,  பெரும்பூ, 
a big jewel worn on the chest,  பெரும்பூண், 
a big jewel worn on th chest,  பெரும்பூண், 
long leaved trumpet tree,  பெரும்பூம்பாதிரி, ஆட்டுக்கொம்பொதி, 
wicket,  தெற்றுவாசல், திட்டிவாசல், பலகணி, பெரும்பூழை, புதவு, திட்டி; நுழைவாசல், 
aerva tomentosa,  பெரும்பூளை, பூளை, 
acrua javanica,  பெரும்பூளை, 
javanese wool plant msh,  பெரும்பூளை, 
heavy rain,  பெருமழை/ கடுமழை/ வெகுமாரி, பெரும்பெயல்// சஞ்சை// சோனைமழை, தாராசரகம்; நல்லமழை; நெடுமழை, 
great oraterar,  பெரும்பேச்சாளர், 
wide rumour,  பெரும்பேச்சு, 
incessant talk,  பெரும்பேச்சு, 
loquacity,  வீண் வம்பளப்பு, பெரும்பேச்சு, 
wide tumour,  பெரும்பேச்சு, 
excessive modness or distress,  பெரும்பேது, 
as in love,  இழை, பெரும்பேது, 
as the great distress,  பெரும்பேது, 
a festival,  நவராத்திரி// செவந்தரை, பெரும்பொங்கல், 
offering of pokal to a village deity by the villagers in common,  பெரும்பொங்கல், 
offering of pangal to a village deity by the villagers in common,  பெரும்பொங்கல், 
a thing of great value,  பெரும்பொருள், 
a treatise on aga-p-porul,  பெரும்பொருள், 
a poem on morals,  பெரும்பொருள் விளக்கம், 
the six seasons in Tamil classical literature,  பெரும்பொழுது, 
seasons of the year,  பெரும்பொழுது, 
kutir,  பெரும்பொழுது, பருவம், 
mun pani,  பெரும்பொழுது, பருவம், 
pin pani,  பெரும்பொழுது, பருவம், 
ila venil,  பெரும்பொழுது, பருவம், 
mutu venil,  பெரும்பொழுது, 
dist fr ciru polutu,  பெரும்பொழுது, 
krkdir,  பெரும்பொழுது, 
mun-pai pin-pani ila-vil,  பெரும்பொழுது, 
muuvil,  பெரும்பொழுது, 
dist fr ciru-podudu,  பெரும்பொழுது, 
mainstreaming,  பெரும்போக்கு, 
broad mindedness,  பெரும்போக்கு, 
brood-mindedness liberality,  பெரும்போக்கு, 
long term,  நீண்ட தவணை; நெடுந்தவணை; நீண்டகால இயக்கம்; நீண்டகாலக் கடன் கொள்கை; நெடுங்காலம்; நெடுங்கால; நீண்டகாலக் கடன்; நீண்டகால, பெரும்போகம்; நெடும் பருவம், 
bumper crop,  பெரு விளைச்சல்: மிகு விளைச்சல்: மிகுவிளைச்சல், பெரும் விளைச்சல், பெரும்போகம், 
colloq supreme bliss,  பெரும்போகம், 
sever contest,  பெரும் போட்டி, 
as great men,  பெருமக்கள், 
a panegyric in which the greatness of chaste women is described,  பெருமகிழ்ச்சிமாலை, 
auspicious festival,  பெருமங்கலம், 
benedictory song,  பெருமங்கலம், 
theme of a king robed in white on his birthday and bestowing favours on his subjects,  பெருமங்கலம், 
poem describing the celebration of a kings birth day,  பெருமங்கலம், 
poem descrilling the celebration of a kings birthday,  பெருமங்கலம், 
one of irrilakkiyams qv,  பெருமங்கலம், 
food offering to a deity,  பெருமடை, 
pucker,  சுருக்கு// சுரி, பெருமடிப்பு, 
a hel of sand,  பெருமணல்வட்டம், 
one of elu-naraam,  பெருமணல்வட்டம், 
akind of drum,  பெருமத்தளி, 
precious or valuable object,  பெருமதிப்பன், 
top-secreat,  பெருமந்தனம், 
scantling,  பெருமரக்கட்¬, திம்மை// சட்டஅறுவை மரம், பெருமரம், 
ailanthus excels,  பெருமரம், 
white fragipani,  பெருமரம், 
toothed-leaved tree of heaven,  மகாநிம்பம், பெருமரம், 
mcl aristolochia indica,  பெருமருந்து, 
m cl aristolocha indica,  பெருமருந்து, 
jasminum sambac heyneana,  பெருமல்லிகை, 
